ticker,industry,run_time
PVD,oil__gas,2024-06-19 01:07:47
PEQ,oil__gas,2024-06-19 01:07:47
PLX,oil__gas,2024-06-19 01:07:47
PVB,oil__gas,2024-06-19 01:07:47
PVE,oil__gas,2024-06-19 01:07:47
PTV,oil__gas,2024-06-19 01:07:47
BSR,oil__gas,2024-06-19 01:07:47
OIL,oil__gas,2024-06-19 01:07:47
PVS,oil__gas,2024-06-19 01:07:47
POS,oil__gas,2024-06-19 01:07:47
TOS,oil__gas,2024-06-19 01:07:47
PVC,oil__gas,2024-06-19 01:07:47
NFC,chemicals,2024-06-19 01:07:47
TNC,chemicals,2024-06-19 01:07:47
VKP,chemicals,2024-06-19 01:07:47
AAA,chemicals,2024-06-19 01:07:47
SEP,chemicals,2024-06-19 01:07:47
TPC,chemicals,2024-06-19 01:07:47
GVR,chemicals,2024-06-19 01:07:47
DGC,chemicals,2024-06-19 01:07:47
DOC,chemicals,2024-06-19 01:07:47
PVO,chemicals,2024-06-19 01:07:47
PCE,chemicals,2024-06-19 01:07:47
NHH,chemicals,2024-06-19 01:07:47
SPC,chemicals,2024-06-19 01:07:47
QBS,chemicals,2024-06-19 01:07:47
PMB,chemicals,2024-06-19 01:07:47
DHB,chemicals,2024-06-19 01:07:47
DPM,chemicals,2024-06-19 01:07:47
VPS,chemicals,2024-06-19 01:07:47
RDP,chemicals,2024-06-19 01:07:47
PLC,chemicals,2024-06-19 01:07:47
DAG,chemicals,2024-06-19 01:07:47
SBR,chemicals,2024-06-19 01:07:47
LNC,chemicals,2024-06-19 01:07:47
GER,chemicals,2024-06-19 01:07:47
VXP,chemicals,2024-06-19 01:07:47
PAT,chemicals,2024-06-19 01:07:47
SJF,chemicals,2024-06-19 01:07:47
TRC,chemicals,2024-06-19 01:07:47
HRC,chemicals,2024-06-19 01:07:47
HSI,chemicals,2024-06-19 01:07:47
CPC,chemicals,2024-06-19 01:07:47
DCM,chemicals,2024-06-19 01:07:47
DPD,chemicals,2024-06-19 01:07:47
PPV,chemicals,2024-06-19 01:07:47
LAS,chemicals,2024-06-19 01:07:47
VAF,chemicals,2024-06-19 01:07:47
BRR,chemicals,2024-06-19 01:07:47
HII,chemicals,2024-06-19 01:07:47
BFC,chemicals,2024-06-19 01:07:47
DRI,chemicals,2024-06-19 01:07:47
SFG,chemicals,2024-06-19 01:07:47
BT1,chemicals,2024-06-19 01:07:47
VNP,chemicals,2024-06-19 01:07:47
VNY,chemicals,2024-06-19 01:07:47
PLP,chemicals,2024-06-19 01:07:47
HPH,chemicals,2024-06-19 01:07:47
IRC,chemicals,2024-06-19 01:07:47
DDV,chemicals,2024-06-19 01:07:47
HCD,chemicals,2024-06-19 01:07:47
PHR,chemicals,2024-06-19 01:07:47
VTQ,chemicals,2024-06-19 01:07:47
RBC,chemicals,2024-06-19 01:07:47
LTG,chemicals,2024-06-19 01:07:47
BRC,chemicals,2024-06-19 01:07:47
NSG,chemicals,2024-06-19 01:07:47
PCN,chemicals,2024-06-19 01:07:47
PSW,chemicals,2024-06-19 01:07:47
VFG,chemicals,2024-06-19 01:07:47
PGN,chemicals,2024-06-19 01:07:47
HAI,chemicals,2024-06-19 01:07:47
VET,chemicals,2024-06-19 01:07:47
APP,chemicals,2024-06-19 01:07:47
DCI,chemicals,2024-06-19 01:07:47
RTB,chemicals,2024-06-19 01:07:47
PSE,chemicals,2024-06-19 01:07:47
SIV,chemicals,2024-06-19 01:07:47
NNG,chemicals,2024-06-19 01:07:47
HVT,chemicals,2024-06-19 01:07:47
DPR,chemicals,2024-06-19 01:07:47
VTZ,chemicals,2024-06-19 01:07:47
DRG,chemicals,2024-06-19 01:07:47
TSC,chemicals,2024-06-19 01:07:47
CSV,chemicals,2024-06-19 01:07:47
DTT,chemicals,2024-06-19 01:07:47
HNP,chemicals,2024-06-19 01:07:47
PCH,chemicals,2024-06-19 01:07:47
VIF,basic_resources,2024-06-19 01:07:47
TNS,basic_resources,2024-06-19 01:07:47
YBM,basic_resources,2024-06-19 01:07:47
TQN,basic_resources,2024-06-19 01:07:47
SCA,basic_resources,2024-06-19 01:07:47
SHI,basic_resources,2024-06-19 01:07:47
NHV,basic_resources,2024-06-19 01:07:47
VPG,basic_resources,2024-06-19 01:07:47
HPG,basic_resources,2024-06-19 01:07:47
KSH,basic_resources,2024-06-19 01:07:47
KHD,basic_resources,2024-06-19 01:07:47
LMC,basic_resources,2024-06-19 01:07:47
KKC,basic_resources,2024-06-19 01:07:47
DNS,basic_resources,2024-06-19 01:07:47
GTA,basic_resources,2024-06-19 01:07:47
HLC,basic_resources,2024-06-19 01:07:47
MTA,basic_resources,2024-06-19 01:07:47
TKU,basic_resources,2024-06-19 01:07:47
TMW,basic_resources,2024-06-19 01:07:47
GDA,basic_resources,2024-06-19 01:07:47
MGC,basic_resources,2024-06-19 01:07:47
BAM,basic_resources,2024-06-19 01:07:47
SAV,basic_resources,2024-06-19 01:07:47
NSH,basic_resources,2024-06-19 01:07:47
PTB,basic_resources,2024-06-19 01:07:47
PTK,basic_resources,2024-06-19 01:07:47
TMB,basic_resources,2024-06-19 01:07:47
TCP,basic_resources,2024-06-19 01:07:47
KSS,basic_resources,2024-06-19 01:07:47
KHB,basic_resources,2024-06-19 01:07:47
HMC,basic_resources,2024-06-19 01:07:47
HSV,basic_resources,2024-06-19 01:07:47
KVC,basic_resources,2024-06-19 01:07:47
TIS,basic_resources,2024-06-19 01:07:47
GTM,basic_resources,2024-06-19 01:07:47
VGL,basic_resources,2024-06-19 01:07:47
BVG,basic_resources,2024-06-19 01:07:47
GVT,basic_resources,2024-06-19 01:07:47
VIS,basic_resources,2024-06-19 01:07:47
SVT,basic_resources,2024-06-19 01:07:47
ATG,basic_resources,2024-06-19 01:07:47
PRT,basic_resources,2024-06-19 01:07:47
CBI,basic_resources,2024-06-19 01:07:47
TTS,basic_resources,2024-06-19 01:07:47
POM,basic_resources,2024-06-19 01:07:47
SVJ,basic_resources,2024-06-19 01:07:47
TCS,basic_resources,2024-06-19 01:07:47
VDT,basic_resources,2024-06-19 01:07:47
HTS,basic_resources,2024-06-19 01:07:47
KSA,basic_resources,2024-06-19 01:07:47
KLM,basic_resources,2024-06-19 01:07:47
FRM,basic_resources,2024-06-19 01:07:47
MDC,basic_resources,2024-06-19 01:07:47
TMG,basic_resources,2024-06-19 01:07:47
VCA,basic_resources,2024-06-19 01:07:47
MVB,basic_resources,2024-06-19 01:07:47
TVD,basic_resources,2024-06-19 01:07:47
BMJ,basic_resources,2024-06-19 01:07:47
TDN,basic_resources,2024-06-19 01:07:47
TC6,basic_resources,2024-06-19 01:07:47
TDS,basic_resources,2024-06-19 01:07:47
CLM,basic_resources,2024-06-19 01:07:47
KSQ,basic_resources,2024-06-19 01:07:47
RRC,basic_resources,2024-06-19 01:07:47
KMT,basic_resources,2024-06-19 01:07:47
DTL,basic_resources,2024-06-19 01:07:47
FRC,basic_resources,2024-06-19 01:07:47
LTQ,basic_resources,2024-06-19 01:07:47
MIM,basic_resources,2024-06-19 01:07:47
TND,basic_resources,2024-06-19 01:07:47
TNI,basic_resources,2024-06-19 01:07:47
VIM,basic_resources,2024-06-19 01:07:47
CAP,basic_resources,2024-06-19 01:07:47
ACM,basic_resources,2024-06-19 01:07:47
NKG,basic_resources,2024-06-19 01:07:47
SPI,basic_resources,2024-06-19 01:07:47
TTF,basic_resources,2024-06-19 01:07:47
HSG,basic_resources,2024-06-19 01:07:47
ITQ,basic_resources,2024-06-19 01:07:47
VBG,basic_resources,2024-06-19 01:07:47
DHC,basic_resources,2024-06-19 01:07:47
DPS,basic_resources,2024-06-19 01:07:47
GLC,basic_resources,2024-06-19 01:07:47
MMC,basic_resources,2024-06-19 01:07:47
MDF,basic_resources,2024-06-19 01:07:47
MHL,basic_resources,2024-06-19 01:07:47
MIC,basic_resources,2024-06-19 01:07:47
MC3,basic_resources,2024-06-19 01:07:47
NBC,basic_resources,2024-06-19 01:07:47
MSR,basic_resources,2024-06-19 01:07:47
TLH,basic_resources,2024-06-19 01:07:47
THT,basic_resources,2024-06-19 01:07:47
MXC,basic_resources,2024-06-19 01:07:47
BKC,basic_resources,2024-06-19 01:07:47
BCB,basic_resources,2024-06-19 01:07:47
AMC,basic_resources,2024-06-19 01:07:47
ACG,basic_resources,2024-06-19 01:07:47
PAS,basic_resources,2024-06-19 01:07:47
SSM,basic_resources,2024-06-19 01:07:47
VGS,basic_resources,2024-06-19 01:07:47
HUX,basic_resources,2024-06-19 01:07:47
DLG,basic_resources,2024-06-19 01:07:47
DNY,basic_resources,2024-06-19 01:07:47
AFC,basic_resources,2024-06-19 01:07:47
HAP,basic_resources,2024-06-19 01:07:47
HMG,basic_resources,2024-06-19 01:07:47
KNA,basic_resources,2024-06-19 01:07:47
TNA,basic_resources,2024-06-19 01:07:47
TNB,basic_resources,2024-06-19 01:07:47
TNT,basic_resources,2024-06-19 01:07:47
VID,basic_resources,2024-06-19 01:07:47
PIS,basic_resources,2024-06-19 01:07:47
KCB,basic_resources,2024-06-19 01:07:47
BMC,basic_resources,2024-06-19 01:07:47
SHN,basic_resources,2024-06-19 01:07:47
DFC,basic_resources,2024-06-19 01:07:47
VDB,basic_resources,2024-06-19 01:07:47
SQC,basic_resources,2024-06-19 01:07:47
TVN,basic_resources,2024-06-19 01:07:47
HPM,basic_resources,2024-06-19 01:07:47
MTM,basic_resources,2024-06-19 01:07:47
KTB,basic_resources,2024-06-19 01:07:47
KTL,basic_resources,2024-06-19 01:07:47
HGM,basic_resources,2024-06-19 01:07:47
BCA,basic_resources,2024-06-19 01:07:47
CST,basic_resources,2024-06-19 01:07:47
LCM,basic_resources,2024-06-19 01:07:47
MEL,basic_resources,2024-06-19 01:07:47
SHA,basic_resources,2024-06-19 01:07:47
SMC,basic_resources,2024-06-19 01:07:47
HHP,basic_resources,2024-06-19 01:07:47
KSB,basic_resources,2024-06-19 01:07:47
KSV,basic_resources,2024-06-19 01:07:47
DHM,basic_resources,2024-06-19 01:07:47
HLA,basic_resources,2024-06-19 01:07:47
TKG,basic_resources,2024-06-19 01:07:47
L14,construction__materials,2024-06-19 01:07:47
L45,construction__materials,2024-06-19 01:07:47
LCG,construction__materials,2024-06-19 01:07:47
MCO,construction__materials,2024-06-19 01:07:47
NED,construction__materials,2024-06-19 01:07:47
TTL,construction__materials,2024-06-19 01:07:47
VW1,construction__materials,2024-06-19 01:07:47
UDC,construction__materials,2024-06-19 01:07:47
CCD,construction__materials,2024-06-19 01:07:47
VMC,construction__materials,2024-06-19 01:07:47
THG,construction__materials,2024-06-19 01:07:47
BCR,construction__materials,2024-06-19 01:07:47
TA3,construction__materials,2024-06-19 01:07:47
S55,construction__materials,2024-06-19 01:07:47
BRM,construction__materials,2024-06-19 01:07:47
C32,construction__materials,2024-06-19 01:07:47
BHV,construction__materials,2024-06-19 01:07:47
ACC,construction__materials,2024-06-19 01:07:47
ACE,construction__materials,2024-06-19 01:07:47
BCC,construction__materials,2024-06-19 01:07:47
CMS,construction__materials,2024-06-19 01:07:47
MVC,construction__materials,2024-06-19 01:07:47
CI5,construction__materials,2024-06-19 01:07:47
PTE,construction__materials,2024-06-19 01:07:47
SCC,construction__materials,2024-06-19 01:07:47
SD1,construction__materials,2024-06-19 01:07:47
SD2,construction__materials,2024-06-19 01:07:47
SD3,construction__materials,2024-06-19 01:07:47
SDJ,construction__materials,2024-06-19 01:07:47
NHA,construction__materials,2024-06-19 01:07:47
PC1,construction__materials,2024-06-19 01:07:47
XMC,construction__materials,2024-06-19 01:07:47
XMD,construction__materials,2024-06-19 01:07:47
NMK,construction__materials,2024-06-19 01:07:47
NNC,construction__materials,2024-06-19 01:07:47
PVY,construction__materials,2024-06-19 01:07:47
VNE,construction__materials,2024-06-19 01:07:47
TGG,construction__materials,2024-06-19 01:07:47
NTP,construction__materials,2024-06-19 01:07:47
HOM,construction__materials,2024-06-19 01:07:47
HT9,construction__materials,2024-06-19 01:07:47
ICG,construction__materials,2024-06-19 01:07:47
MCI,construction__materials,2024-06-19 01:07:47
DPG,construction__materials,2024-06-19 01:07:47
DCF,construction__materials,2024-06-19 01:07:47
DIC,construction__materials,2024-06-19 01:07:47
H11,construction__materials,2024-06-19 01:07:47
HID,construction__materials,2024-06-19 01:07:47
HAM,construction__materials,2024-06-19 01:07:47
HLY,construction__materials,2024-06-19 01:07:47
HWI,construction__materials,2024-06-19 01:07:47
G30,construction__materials,2024-06-19 01:07:47
L18,construction__materials,2024-06-19 01:07:47
LGC,construction__materials,2024-06-19 01:07:47
LG9,construction__materials,2024-06-19 01:07:47
NAC,construction__materials,2024-06-19 01:07:47
TKC,construction__materials,2024-06-19 01:07:47
VW3,construction__materials,2024-06-19 01:07:47
V12,construction__materials,2024-06-19 01:07:47
VC2,construction__materials,2024-06-19 01:07:47
CCV,construction__materials,2024-06-19 01:07:47
VSI,construction__materials,2024-06-19 01:07:47
REN,construction__materials,2024-06-19 01:07:47
RLC,construction__materials,2024-06-19 01:07:47
TA9,construction__materials,2024-06-19 01:07:47
S27,construction__materials,2024-06-19 01:07:47
SDN,construction__materials,2024-06-19 01:07:47
SDU,construction__materials,2024-06-19 01:07:47
C47,construction__materials,2024-06-19 01:07:47
C71,construction__materials,2024-06-19 01:07:47
CCH,construction__materials,2024-06-19 01:07:47
CCM,construction__materials,2024-06-19 01:07:47
CDV,construction__materials,2024-06-19 01:07:47
AC4,construction__materials,2024-06-19 01:07:47
BCE,construction__materials,2024-06-19 01:07:47
C4G,construction__materials,2024-06-19 01:07:47
PNT,construction__materials,2024-06-19 01:07:47
DBV,construction__materials,2024-06-19 01:07:47
SC5,construction__materials,2024-06-19 01:07:47
PTO,construction__materials,2024-06-19 01:07:47
SHG,construction__materials,2024-06-19 01:07:47
SDE,construction__materials,2024-06-19 01:07:47
SJE,construction__materials,2024-06-19 01:07:47
TED,construction__materials,2024-06-19 01:07:47
TEL,construction__materials,2024-06-19 01:07:47
E12,construction__materials,2024-06-19 01:07:47
TDF,construction__materials,2024-06-19 01:07:47
VE9,construction__materials,2024-06-19 01:07:47
VPC,construction__materials,2024-06-19 01:07:47
TDI,construction__materials,2024-06-19 01:07:47
HT1,construction__materials,2024-06-19 01:07:47
L40,construction__materials,2024-06-19 01:07:47
JSC,construction__materials,2024-06-19 01:07:47
KCE,construction__materials,2024-06-19 01:07:47
KDM,construction__materials,2024-06-19 01:07:47
CTI,construction__materials,2024-06-19 01:07:47
CTN,construction__materials,2024-06-19 01:07:47
DC1,construction__materials,2024-06-19 01:07:47
GMX,construction__materials,2024-06-19 01:07:47
GH3,construction__materials,2024-06-19 01:07:47
HC1,construction__materials,2024-06-19 01:07:47
HMS,construction__materials,2024-06-19 01:07:47
HNC,construction__materials,2024-06-19 01:07:47
NXT,construction__materials,2024-06-19 01:07:47
DFF,construction__materials,2024-06-19 01:07:47
LBM,construction__materials,2024-06-19 01:07:47
LCC,construction__materials,2024-06-19 01:07:47
LIC,construction__materials,2024-06-19 01:07:47
TNM,construction__materials,2024-06-19 01:07:47
VC1,construction__materials,2024-06-19 01:07:47
VC6,construction__materials,2024-06-19 01:07:47
MBG,construction__materials,2024-06-19 01:07:47
TVA,construction__materials,2024-06-19 01:07:47
SVN,construction__materials,2024-06-19 01:07:47
B82,construction__materials,2024-06-19 01:07:47
CMD,construction__materials,2024-06-19 01:07:47
CEG,construction__materials,2024-06-19 01:07:47
C12,construction__materials,2024-06-19 01:07:47
MCT,construction__materials,2024-06-19 01:07:47
CVT,construction__materials,2024-06-19 01:07:47
CX8,construction__materials,2024-06-19 01:07:47
ICN,construction__materials,2024-06-19 01:07:47
SD5,construction__materials,2024-06-19 01:07:47
SD7,construction__materials,2024-06-19 01:07:47
PXK,construction__materials,2024-06-19 01:07:47
VCG,construction__materials,2024-06-19 01:07:47
SIG,construction__materials,2024-06-19 01:07:47
VCS,construction__materials,2024-06-19 01:07:47
PX1,construction__materials,2024-06-19 01:07:47
VE1,construction__materials,2024-06-19 01:07:47
VE2,construction__materials,2024-06-19 01:07:47
PXT,construction__materials,2024-06-19 01:07:47
QCC,construction__materials,2024-06-19 01:07:47
PFL,construction__materials,2024-06-19 01:07:47
VHL,construction__materials,2024-06-19 01:07:47
TRT,construction__materials,2024-06-19 01:07:47
CSC,construction__materials,2024-06-19 01:07:47
GTS,construction__materials,2024-06-19 01:07:47
DCT,construction__materials,2024-06-19 01:07:47
DHA,construction__materials,2024-06-19 01:07:47
DAL,construction__materials,2024-06-19 01:07:47
DSG,construction__materials,2024-06-19 01:07:47
DXV,construction__materials,2024-06-19 01:07:47
FCN,construction__materials,2024-06-19 01:07:47
SCG,construction__materials,2024-06-19 01:07:47
XDC,construction__materials,2024-06-19 01:07:47
KTT,construction__materials,2024-06-19 01:07:47
MEC,construction__materials,2024-06-19 01:07:47
VTS,construction__materials,2024-06-19 01:07:47
TL4,construction__materials,2024-06-19 01:07:47
TLT,construction__materials,2024-06-19 01:07:47
USC,construction__materials,2024-06-19 01:07:47
BUD,construction__materials,2024-06-19 01:07:47
VC9,construction__materials,2024-06-19 01:07:47
VMI,construction__materials,2024-06-19 01:07:47
VTA,construction__materials,2024-06-19 01:07:47
TXM,construction__materials,2024-06-19 01:07:47
DVG,construction__materials,2024-06-19 01:07:47
S99,construction__materials,2024-06-19 01:07:47
DX2,construction__materials,2024-06-19 01:07:47
TS3,construction__materials,2024-06-19 01:07:47
C92,construction__materials,2024-06-19 01:07:47
ALV,construction__materials,2024-06-19 01:07:47
ATB,construction__materials,2024-06-19 01:07:47
CII,construction__materials,2024-06-19 01:07:47
CYC,construction__materials,2024-06-19 01:07:47
DAC,construction__materials,2024-06-19 01:07:47
CC1,construction__materials,2024-06-19 01:07:47
BT6,construction__materials,2024-06-19 01:07:47
PSG,construction__materials,2024-06-19 01:07:47
PTC,construction__materials,2024-06-19 01:07:47
PTD,construction__materials,2024-06-19 01:07:47
TCR,construction__materials,2024-06-19 01:07:47
SD9,construction__materials,2024-06-19 01:07:47
SDB,construction__materials,2024-06-19 01:07:47
SDD,construction__materials,2024-06-19 01:07:47
DTD,construction__materials,2024-06-19 01:07:47
NHC,construction__materials,2024-06-19 01:07:47
VIH,construction__materials,2024-06-19 01:07:47
CGV,construction__materials,2024-06-19 01:07:47
PEN,construction__materials,2024-06-19 01:07:47
PVX,construction__materials,2024-06-19 01:07:47
PXM,construction__materials,2024-06-19 01:07:47
QTC,construction__materials,2024-06-19 01:07:47
INC,construction__materials,2024-06-19 01:07:47
HUT,construction__materials,2024-06-19 01:07:47
ICI,construction__materials,2024-06-19 01:07:47
KHL,construction__materials,2024-06-19 01:07:47
CNN,construction__materials,2024-06-19 01:07:47
CPW,construction__materials,2024-06-19 01:07:47
CT3,construction__materials,2024-06-19 01:07:47
DIH,construction__materials,2024-06-19 01:07:47
DC4,construction__materials,2024-06-19 01:07:47
DTJ,construction__materials,2024-06-19 01:07:47
DND,construction__materials,2024-06-19 01:07:47
ROS,construction__materials,2024-06-19 01:07:47
HAN,construction__materials,2024-06-19 01:07:47
HBC,construction__materials,2024-06-19 01:07:47
HDA,construction__materials,2024-06-19 01:07:47
VVN,construction__materials,2024-06-19 01:07:47
CLH,construction__materials,2024-06-19 01:07:47
UDJ,construction__materials,2024-06-19 01:07:47
BTS,construction__materials,2024-06-19 01:07:47
BTD,construction__materials,2024-06-19 01:07:47
VIT,construction__materials,2024-06-19 01:07:47
VCC,construction__materials,2024-06-19 01:07:47
GND,construction__materials,2024-06-19 01:07:47
TV3,construction__materials,2024-06-19 01:07:47
TA6,construction__materials,2024-06-19 01:07:47
PID,construction__materials,2024-06-19 01:07:47
SDP,construction__materials,2024-06-19 01:07:47
S96,construction__materials,2024-06-19 01:07:47
MT9,construction__materials,2024-06-19 01:07:47
CEE,construction__materials,2024-06-19 01:07:47
ACS,construction__materials,2024-06-19 01:07:47
ADP,construction__materials,2024-06-19 01:07:47
CIG,construction__materials,2024-06-19 01:07:47
CTX,construction__materials,2024-06-19 01:07:47
CNT,construction__materials,2024-06-19 01:07:47
BOT,construction__materials,2024-06-19 01:07:47
PSB,construction__materials,2024-06-19 01:07:47
SCJ,construction__materials,2024-06-19 01:07:47
SD4,construction__materials,2024-06-19 01:07:47
SD8,construction__materials,2024-06-19 01:07:47
SJM,construction__materials,2024-06-19 01:07:47
PVH,construction__materials,2024-06-19 01:07:47
PCC,construction__materials,2024-06-19 01:07:47
PCM,construction__materials,2024-06-19 01:07:47
PDB,construction__materials,2024-06-19 01:07:47
CQT,construction__materials,2024-06-19 01:07:47
VE3,construction__materials,2024-06-19 01:07:47
VE8,construction__materials,2024-06-19 01:07:47
QLD,construction__materials,2024-06-19 01:07:47
TTB,construction__materials,2024-06-19 01:07:47
HUB,construction__materials,2024-06-19 01:07:47
HSP,construction__materials,2024-06-19 01:07:47
KSK,construction__materials,2024-06-19 01:07:47
CTA,construction__materials,2024-06-19 01:07:47
CTR,construction__materials,2024-06-19 01:07:47
DTC,construction__materials,2024-06-19 01:07:47
DLR,construction__materials,2024-06-19 01:07:47
DLA,construction__materials,2024-06-19 01:07:47
E29,construction__materials,2024-06-19 01:07:47
XD4,construction__materials,2024-06-19 01:07:47
EVG,construction__materials,2024-06-19 01:07:47
DDB,construction__materials,2024-06-19 01:07:47
RCC,construction__materials,2024-06-19 01:07:47
LIG,construction__materials,2024-06-19 01:07:47
MCC,construction__materials,2024-06-19 01:07:47
MDG,construction__materials,2024-06-19 01:07:47
NAV,construction__materials,2024-06-19 01:07:47
BCO,construction__materials,2024-06-19 01:07:47
BGT,construction__materials,2024-06-19 01:07:47
VC5,construction__materials,2024-06-19 01:07:47
YBC,construction__materials,2024-06-19 01:07:47
HGC,construction__materials,2024-06-19 01:07:47
S12,construction__materials,2024-06-19 01:07:47
SDT,construction__materials,2024-06-19 01:07:47
BHC,construction__materials,2024-06-19 01:07:47
C69,construction__materials,2024-06-19 01:07:47
BHT,construction__materials,2024-06-19 01:07:47
HFB,construction__materials,2024-06-19 01:07:47
CDC,construction__materials,2024-06-19 01:07:47
BMP,construction__materials,2024-06-19 01:07:47
CDO,construction__materials,2024-06-19 01:07:47
CEC,construction__materials,2024-06-19 01:07:47
VLB,construction__materials,2024-06-19 01:07:47
CMI,construction__materials,2024-06-19 01:07:47
TVH,construction__materials,2024-06-19 01:07:47
BTC,construction__materials,2024-06-19 01:07:47
SBM,construction__materials,2024-06-19 01:07:47
DSS,construction__materials,2024-06-19 01:07:47
TBX,construction__materials,2024-06-19 01:07:47
SCL,construction__materials,2024-06-19 01:07:47
PVA,construction__materials,2024-06-19 01:07:47
PXI,construction__materials,2024-06-19 01:07:47
TTC,construction__materials,2024-06-19 01:07:47
VHH,construction__materials,2024-06-19 01:07:47
HTI,construction__materials,2024-06-19 01:07:47
QNT,construction__materials,2024-06-19 01:07:47
HVX,construction__materials,2024-06-19 01:07:47
CRC,construction__materials,2024-06-19 01:07:47
CT6,construction__materials,2024-06-19 01:07:47
HCI,construction__materials,2024-06-19 01:07:47
HEJ,construction__materials,2024-06-19 01:07:47
GMH,construction__materials,2024-06-19 01:07:47
STV,construction__materials,2024-06-19 01:07:47
PHH,construction__materials,2024-06-19 01:07:47
LUT,construction__materials,2024-06-19 01:07:47
RCD,construction__materials,2024-06-19 01:07:47
LHC,construction__materials,2024-06-19 01:07:47
L12,construction__materials,2024-06-19 01:07:47
LAI,construction__materials,2024-06-19 01:07:47
MES,construction__materials,2024-06-19 01:07:47
MST,construction__materials,2024-06-19 01:07:47
VTV,construction__materials,2024-06-19 01:07:47
BDC,construction__materials,2024-06-19 01:07:47
V45,construction__materials,2024-06-19 01:07:47
VC7,construction__materials,2024-06-19 01:07:47
THO,construction__materials,2024-06-19 01:07:47
TVG,construction__materials,2024-06-19 01:07:47
DXD,construction__materials,2024-06-19 01:07:47
XLV,construction__materials,2024-06-19 01:07:47
SDX,construction__materials,2024-06-19 01:07:47
SDY,construction__materials,2024-06-19 01:07:47
ASD,construction__materials,2024-06-19 01:07:47
BTN,construction__materials,2024-06-19 01:07:47
SCI,construction__materials,2024-06-19 01:07:47
G36,construction__materials,2024-06-19 01:07:47
VCE,construction__materials,2024-06-19 01:07:47
SGV,construction__materials,2024-06-19 01:07:47
TCD,construction__materials,2024-06-19 01:07:47
TEC,construction__materials,2024-06-19 01:07:47
PVV,construction__materials,2024-06-19 01:07:47
VE4,construction__materials,2024-06-19 01:07:47
PXS,construction__materials,2024-06-19 01:07:47
VGC,construction__materials,2024-06-19 01:07:47
QNC,construction__materials,2024-06-19 01:07:47
PHC,construction__materials,2024-06-19 01:07:47
LDU,construction__materials,2024-06-19 01:07:47
HU1,construction__materials,2024-06-19 01:07:47
HU4,construction__materials,2024-06-19 01:07:47
ICS,construction__materials,2024-06-19 01:07:47
ICC,construction__materials,2024-06-19 01:07:47
CC4,construction__materials,2024-06-19 01:07:47
GKM,construction__materials,2024-06-19 01:07:47
LM3,construction__materials,2024-06-19 01:07:47
LM8,construction__materials,2024-06-19 01:07:47
DC2,construction__materials,2024-06-19 01:07:47
BDT,construction__materials,2024-06-19 01:07:47
DNP,construction__materials,2024-06-19 01:07:47
CDR,construction__materials,2024-06-19 01:07:47
FIC,construction__materials,2024-06-19 01:07:47
DVW,construction__materials,2024-06-19 01:07:47
EIC,construction__materials,2024-06-19 01:07:47
FCM,construction__materials,2024-06-19 01:07:47
GAB,construction__materials,2024-06-19 01:07:47
C36,construction__materials,2024-06-19 01:07:47
HC3,construction__materials,2024-06-19 01:07:47
HHV,construction__materials,2024-06-19 01:07:47
PLE,construction__materials,2024-06-19 01:07:47
LCD,construction__materials,2024-06-19 01:07:47
LCS,construction__materials,2024-06-19 01:07:47
MCG,construction__materials,2024-06-19 01:07:47
XDT,construction__materials,2024-06-19 01:07:47
NDX,construction__materials,2024-06-19 01:07:47
VXB,construction__materials,2024-06-19 01:07:47
UIC,construction__materials,2024-06-19 01:07:47
UMC,construction__materials,2024-06-19 01:07:47
X77,construction__materials,2024-06-19 01:07:47
TMX,construction__materials,2024-06-19 01:07:47
BAX,construction__materials,2024-06-19 01:07:47
V15,construction__materials,2024-06-19 01:07:47
VIW,construction__materials,2024-06-19 01:07:47
TTZ,construction__materials,2024-06-19 01:07:47
S72,construction__materials,2024-06-19 01:07:47
S74,construction__materials,2024-06-19 01:07:47
TS5,construction__materials,2024-06-19 01:07:47
CT5,construction__materials,2024-06-19 01:07:47
XVC,construction__materials,2024-06-19 01:07:47
BM9,construction__materials,2024-06-19 01:07:47
BMN,construction__materials,2024-06-19 01:07:47
CDG,construction__materials,2024-06-19 01:07:47
CHC,construction__materials,2024-06-19 01:07:47
CID,construction__materials,2024-06-19 01:07:47
CIP,construction__materials,2024-06-19 01:07:47
DCR,construction__materials,2024-06-19 01:07:47
TCK,construction__materials,2024-06-19 01:07:47
CH5,construction__materials,2024-06-19 01:07:47
TBT,construction__materials,2024-06-19 01:07:47
SD6,construction__materials,2024-06-19 01:07:47
SDH,construction__materials,2024-06-19 01:07:47
SIC,construction__materials,2024-06-19 01:07:47
SJC,construction__materials,2024-06-19 01:07:47
X18,construction__materials,2024-06-19 01:07:47
SNZ,construction__materials,2024-06-19 01:07:47
SJG,construction__materials,2024-06-19 01:07:47
VCX,construction__materials,2024-06-19 01:07:47
HPP,construction__materials,2024-06-19 01:07:47
HU3,construction__materials,2024-06-19 01:07:47
HVH,construction__materials,2024-06-19 01:07:47
I10,construction__materials,2024-06-19 01:07:47
KPF,construction__materials,2024-06-19 01:07:47
CTD,construction__materials,2024-06-19 01:07:47
DGT,construction__materials,2024-06-19 01:07:47
DID,construction__materials,2024-06-19 01:07:47
ESO,construction__materials,2024-06-19 01:07:47
HAS,construction__materials,2024-06-19 01:07:47
GTH,construction__materials,2024-06-19 01:07:47
HCC,construction__materials,2024-06-19 01:07:47
HLE,construction__materials,2024-06-19 01:07:47
FVN,construction__materials,2024-06-19 01:07:47
HMR,construction__materials,2024-06-19 01:07:47
STP,industrial_goods__services,2024-06-19 01:07:47
L44,industrial_goods__services,2024-06-19 01:07:47
LLM,industrial_goods__services,2024-06-19 01:07:47
MDD,industrial_goods__services,2024-06-19 01:07:47
MDA,industrial_goods__services,2024-06-19 01:07:47
MND,industrial_goods__services,2024-06-19 01:07:47
MPY,industrial_goods__services,2024-06-19 01:07:47
MQB,industrial_goods__services,2024-06-19 01:07:47
VMT,industrial_goods__services,2024-06-19 01:07:47
TMS,industrial_goods__services,2024-06-19 01:07:47
BTU,industrial_goods__services,2024-06-19 01:07:47
USD,industrial_goods__services,2024-06-19 01:07:47
HNB,industrial_goods__services,2024-06-19 01:07:47
TNP,industrial_goods__services,2024-06-19 01:07:47
TV4,industrial_goods__services,2024-06-19 01:07:47
VTB,industrial_goods__services,2024-06-19 01:07:47
TVU,industrial_goods__services,2024-06-19 01:07:47
ALP,industrial_goods__services,2024-06-19 01:07:47
BBS,industrial_goods__services,2024-06-19 01:07:47
APH,industrial_goods__services,2024-06-19 01:07:47
CTT,industrial_goods__services,2024-06-19 01:07:47
SFN,industrial_goods__services,2024-06-19 01:07:47
MCD,industrial_goods__services,2024-06-19 01:07:47
SGS,industrial_goods__services,2024-06-19 01:07:47
TBD,industrial_goods__services,2024-06-19 01:07:47
NOS,industrial_goods__services,2024-06-19 01:07:47
VEA,industrial_goods__services,2024-06-19 01:07:47
VLG,industrial_goods__services,2024-06-19 01:07:47
QSP,industrial_goods__services,2024-06-19 01:07:47
NUE,industrial_goods__services,2024-06-19 01:07:47
TUG,industrial_goods__services,2024-06-19 01:07:47
HSA,industrial_goods__services,2024-06-19 01:07:47
DAP,industrial_goods__services,2024-06-19 01:07:47
DOP,industrial_goods__services,2024-06-19 01:07:47
GEX,industrial_goods__services,2024-06-19 01:07:47
DDH,industrial_goods__services,2024-06-19 01:07:47
BXT,industrial_goods__services,2024-06-19 01:07:47
LPT,industrial_goods__services,2024-06-19 01:07:47
HTH,industrial_goods__services,2024-06-19 01:07:47
CVP,industrial_goods__services,2024-06-19 01:07:47
L62,industrial_goods__services,2024-06-19 01:07:47
AMS,industrial_goods__services,2024-06-19 01:07:47
NCT,industrial_goods__services,2024-06-19 01:07:47
NAU,industrial_goods__services,2024-06-19 01:07:47
KIP,industrial_goods__services,2024-06-19 01:07:47
VMS,industrial_goods__services,2024-06-19 01:07:47
MHP,industrial_goods__services,2024-06-19 01:07:47
SVL,industrial_goods__services,2024-06-19 01:07:47
RTS,industrial_goods__services,2024-06-19 01:07:47
SGN,industrial_goods__services,2024-06-19 01:07:47
CAV,industrial_goods__services,2024-06-19 01:07:47
CDH,industrial_goods__services,2024-06-19 01:07:47
CKH,industrial_goods__services,2024-06-19 01:07:47
BTH,industrial_goods__services,2024-06-19 01:07:47
TKA,industrial_goods__services,2024-06-19 01:07:47
PPS,industrial_goods__services,2024-06-19 01:07:47
TDP,industrial_goods__services,2024-06-19 01:07:47
PSC,industrial_goods__services,2024-06-19 01:07:47
TBH,industrial_goods__services,2024-06-19 01:07:47
SDG,industrial_goods__services,2024-06-19 01:07:47
PCT,industrial_goods__services,2024-06-19 01:07:47
VNC,industrial_goods__services,2024-06-19 01:07:47
TGP,industrial_goods__services,2024-06-19 01:07:47
MQN,industrial_goods__services,2024-06-19 01:07:47
PQN,industrial_goods__services,2024-06-19 01:07:47
HTV,industrial_goods__services,2024-06-19 01:07:47
CCP,industrial_goods__services,2024-06-19 01:07:47
ILS,industrial_goods__services,2024-06-19 01:07:47
IPA,industrial_goods__services,2024-06-19 01:07:47
MTV,industrial_goods__services,2024-06-19 01:07:47
DSV,industrial_goods__services,2024-06-19 01:07:47
HEP,industrial_goods__services,2024-06-19 01:07:47
CFM,industrial_goods__services,2024-06-19 01:07:47
CAR,industrial_goods__services,2024-06-19 01:07:47
STG,industrial_goods__services,2024-06-19 01:07:47
STS,industrial_goods__services,2024-06-19 01:07:47
PHP,industrial_goods__services,2024-06-19 01:07:47
L43,industrial_goods__services,2024-06-19 01:07:47
L61,industrial_goods__services,2024-06-19 01:07:47
L63,industrial_goods__services,2024-06-19 01:07:47
MHC,industrial_goods__services,2024-06-19 01:07:47
MTH,industrial_goods__services,2024-06-19 01:07:47
WCS,industrial_goods__services,2024-06-19 01:07:47
UEM,industrial_goods__services,2024-06-19 01:07:47
VIP,industrial_goods__services,2024-06-19 01:07:47
VBC,industrial_goods__services,2024-06-19 01:07:47
TOT,industrial_goods__services,2024-06-19 01:07:47
THI,industrial_goods__services,2024-06-19 01:07:47
RTH,industrial_goods__services,2024-06-19 01:07:47
VSM,industrial_goods__services,2024-06-19 01:07:47
CCR,industrial_goods__services,2024-06-19 01:07:47
ACV,industrial_goods__services,2024-06-19 01:07:47
AGE,industrial_goods__services,2024-06-19 01:07:47
CE1,industrial_goods__services,2024-06-19 01:07:47
CLL,industrial_goods__services,2024-06-19 01:07:47
BTG,industrial_goods__services,2024-06-19 01:07:47
SAL,industrial_goods__services,2024-06-19 01:07:47
TB8,industrial_goods__services,2024-06-19 01:07:47
PSP,industrial_goods__services,2024-06-19 01:07:47
SCY,industrial_goods__services,2024-06-19 01:07:47
PTT,industrial_goods__services,2024-06-19 01:07:47
TPP,industrial_goods__services,2024-06-19 01:07:47
PDN,industrial_goods__services,2024-06-19 01:07:47
VCT,industrial_goods__services,2024-06-19 01:07:47
VES,industrial_goods__services,2024-06-19 01:07:47
SRF,industrial_goods__services,2024-06-19 01:07:47
VPA,industrial_goods__services,2024-06-19 01:07:47
HTR,industrial_goods__services,2024-06-19 01:07:47
HTU,industrial_goods__services,2024-06-19 01:07:47
THR,industrial_goods__services,2024-06-19 01:07:47
ITS,industrial_goods__services,2024-06-19 01:07:47
DT4,industrial_goods__services,2024-06-19 01:07:47
PYU,industrial_goods__services,2024-06-19 01:07:47
DUS,industrial_goods__services,2024-06-19 01:07:47
DPC,industrial_goods__services,2024-06-19 01:07:47
TTU,industrial_goods__services,2024-06-19 01:07:47
CVC,industrial_goods__services,2024-06-19 01:07:47
EMS,industrial_goods__services,2024-06-19 01:07:47
ESL,industrial_goods__services,2024-06-19 01:07:47
GEE,industrial_goods__services,2024-06-19 01:07:47
HMH,industrial_goods__services,2024-06-19 01:07:47
HEM,industrial_goods__services,2024-06-19 01:07:47
SBG,industrial_goods__services,2024-06-19 01:07:47
MAC,industrial_goods__services,2024-06-19 01:07:47
MLC,industrial_goods__services,2024-06-19 01:07:47
NBR,industrial_goods__services,2024-06-19 01:07:47
NEM,industrial_goods__services,2024-06-19 01:07:47
TJC,industrial_goods__services,2024-06-19 01:07:47
VTX,industrial_goods__services,2024-06-19 01:07:47
BTR,industrial_goods__services,2024-06-19 01:07:47
VGR,industrial_goods__services,2024-06-19 01:07:47
VNA,industrial_goods__services,2024-06-19 01:07:47
TV1,industrial_goods__services,2024-06-19 01:07:47
PAC,industrial_goods__services,2024-06-19 01:07:47
PLO,industrial_goods__services,2024-06-19 01:07:47
PMP,industrial_goods__services,2024-06-19 01:07:47
PMS,industrial_goods__services,2024-06-19 01:07:47
CMP,industrial_goods__services,2024-06-19 01:07:47
UDL,industrial_goods__services,2024-06-19 01:07:47
TAP,industrial_goods__services,2024-06-19 01:07:47
PPE,industrial_goods__services,2024-06-19 01:07:47
PRC,industrial_goods__services,2024-06-19 01:07:47
SDC,industrial_goods__services,2024-06-19 01:07:47
PDV,industrial_goods__services,2024-06-19 01:07:47
PVP,industrial_goods__services,2024-06-19 01:07:47
VNF,industrial_goods__services,2024-06-19 01:07:47
SPP,industrial_goods__services,2024-06-19 01:07:47
TRS,industrial_goods__services,2024-06-19 01:07:47
VEE,industrial_goods__services,2024-06-19 01:07:47
VNT,industrial_goods__services,2024-06-19 01:07:47
NTR,industrial_goods__services,2024-06-19 01:07:47
ILC,industrial_goods__services,2024-06-19 01:07:47
LM7,industrial_goods__services,2024-06-19 01:07:47
LO5,industrial_goods__services,2024-06-19 01:07:47
HTK,industrial_goods__services,2024-06-19 01:07:47
DL1,industrial_goods__services,2024-06-19 01:07:47
QLT,industrial_goods__services,2024-06-19 01:07:47
EMC,industrial_goods__services,2024-06-19 01:07:47
EME,industrial_goods__services,2024-06-19 01:07:47
EMG,industrial_goods__services,2024-06-19 01:07:47
PHN,industrial_goods__services,2024-06-19 01:07:47
HKP,industrial_goods__services,2024-06-19 01:07:47
LQN,industrial_goods__services,2024-06-19 01:07:47
NAP,industrial_goods__services,2024-06-19 01:07:47
VTO,industrial_goods__services,2024-06-19 01:07:47
UCT,industrial_goods__services,2024-06-19 01:07:47
WTC,industrial_goods__services,2024-06-19 01:07:47
VBH,industrial_goods__services,2024-06-19 01:07:47
VSG,industrial_goods__services,2024-06-19 01:07:47
VSP,industrial_goods__services,2024-06-19 01:07:47
TV2,industrial_goods__services,2024-06-19 01:07:47
VST,industrial_goods__services,2024-06-19 01:07:47
TVM,industrial_goods__services,2024-06-19 01:07:47
VTH,industrial_goods__services,2024-06-19 01:07:47
SZE,industrial_goods__services,2024-06-19 01:07:47
SDV,industrial_goods__services,2024-06-19 01:07:47
CCT,industrial_goods__services,2024-06-19 01:07:47
CAG,industrial_goods__services,2024-06-19 01:07:47
BAL,industrial_goods__services,2024-06-19 01:07:47
BBL,industrial_goods__services,2024-06-19 01:07:47
AME,industrial_goods__services,2024-06-19 01:07:47
ARM,industrial_goods__services,2024-06-19 01:07:47
ASG,industrial_goods__services,2024-06-19 01:07:47
CJC,industrial_goods__services,2024-06-19 01:07:47
CKD,industrial_goods__services,2024-06-19 01:07:47
BRS,industrial_goods__services,2024-06-19 01:07:47
SFI,industrial_goods__services,2024-06-19 01:07:47
PNP,industrial_goods__services,2024-06-19 01:07:47
SAC,industrial_goods__services,2024-06-19 01:07:47
SCO,industrial_goods__services,2024-06-19 01:07:47
TCW,industrial_goods__services,2024-06-19 01:07:47
PTX,industrial_goods__services,2024-06-19 01:07:47
QHD,industrial_goods__services,2024-06-19 01:07:47
VFR,industrial_goods__services,2024-06-19 01:07:47
VGP,industrial_goods__services,2024-06-19 01:07:47
VOS,industrial_goods__services,2024-06-19 01:07:47
IME,industrial_goods__services,2024-06-19 01:07:47
ISG,industrial_goods__services,2024-06-19 01:07:47
MHY,industrial_goods__services,2024-06-19 01:07:47
CIA,industrial_goods__services,2024-06-19 01:07:47
DHP,industrial_goods__services,2024-06-19 01:07:47
DVP,industrial_goods__services,2024-06-19 01:07:47
FSO,industrial_goods__services,2024-06-19 01:07:47
GSP,industrial_goods__services,2024-06-19 01:07:47
HAH,industrial_goods__services,2024-06-19 01:07:47
HLS,industrial_goods__services,2024-06-19 01:07:47
HLO,industrial_goods__services,2024-06-19 01:07:47
STU,industrial_goods__services,2024-06-19 01:07:47
KTU,industrial_goods__services,2024-06-19 01:07:47
RAT,industrial_goods__services,2024-06-19 01:07:47
LMI,industrial_goods__services,2024-06-19 01:07:47
MCP,industrial_goods__services,2024-06-19 01:07:47
MIE,industrial_goods__services,2024-06-19 01:07:47
VIN,industrial_goods__services,2024-06-19 01:07:47
GMA,industrial_goods__services,2024-06-19 01:07:47
TTP,industrial_goods__services,2024-06-19 01:07:47
TTV,industrial_goods__services,2024-06-19 01:07:47
TYA,industrial_goods__services,2024-06-19 01:07:47
SVG,industrial_goods__services,2024-06-19 01:07:47
REC,industrial_goods__services,2024-06-19 01:07:47
REE,industrial_goods__services,2024-06-19 01:07:47
SVI,industrial_goods__services,2024-06-19 01:07:47
PJT,industrial_goods__services,2024-06-19 01:07:47
PKR,industrial_goods__services,2024-06-19 01:07:47
BMD,industrial_goods__services,2024-06-19 01:07:47
CKA,industrial_goods__services,2024-06-19 01:07:47
APL,industrial_goods__services,2024-06-19 01:07:47
CNH,industrial_goods__services,2024-06-19 01:07:47
CCS,industrial_goods__services,2024-06-19 01:07:47
MBN,industrial_goods__services,2024-06-19 01:07:47
CER,industrial_goods__services,2024-06-19 01:07:47
BPC,industrial_goods__services,2024-06-19 01:07:47
PSN,industrial_goods__services,2024-06-19 01:07:47
PAP,industrial_goods__services,2024-06-19 01:07:47
SON,industrial_goods__services,2024-06-19 01:07:47
TR1,industrial_goods__services,2024-06-19 01:07:47
PVT,industrial_goods__services,2024-06-19 01:07:47
VSA,industrial_goods__services,2024-06-19 01:07:47
VPK,industrial_goods__services,2024-06-19 01:07:47
CPI,industrial_goods__services,2024-06-19 01:07:47
SGP,industrial_goods__services,2024-06-19 01:07:47
DAS,industrial_goods__services,2024-06-19 01:07:47
BBH,industrial_goods__services,2024-06-19 01:07:47
MVY,industrial_goods__services,2024-06-19 01:07:47
CDN,industrial_goods__services,2024-06-19 01:07:47
DNR,industrial_goods__services,2024-06-19 01:07:47
HLR,industrial_goods__services,2024-06-19 01:07:47
HDO,industrial_goods__services,2024-06-19 01:07:47
TKD,industrial_goods__services,2024-06-19 01:07:47
UTT,industrial_goods__services,2024-06-19 01:07:47
L10,industrial_goods__services,2024-06-19 01:07:47
VLP,industrial_goods__services,2024-06-19 01:07:47
MTS,industrial_goods__services,2024-06-19 01:07:47
YRC,industrial_goods__services,2024-06-19 01:07:47
VSE,industrial_goods__services,2024-06-19 01:07:47
TSV,industrial_goods__services,2024-06-19 01:07:47
SLC,industrial_goods__services,2024-06-19 01:07:47
DS3,industrial_goods__services,2024-06-19 01:07:47
SWC,industrial_goods__services,2024-06-19 01:07:47
DTB,industrial_goods__services,2024-06-19 01:07:47
BLU,industrial_goods__services,2024-06-19 01:07:47
CMK,industrial_goods__services,2024-06-19 01:07:47
SHC,industrial_goods__services,2024-06-19 01:07:47
TCL,industrial_goods__services,2024-06-19 01:07:47
SDA,industrial_goods__services,2024-06-19 01:07:47
PBT,industrial_goods__services,2024-06-19 01:07:47
PVM,industrial_goods__services,2024-06-19 01:07:47
PBP,industrial_goods__services,2024-06-19 01:07:47
NHP,industrial_goods__services,2024-06-19 01:07:47
MVN,industrial_goods__services,2024-06-19 01:07:47
TSG,industrial_goods__services,2024-06-19 01:07:47
SSG,industrial_goods__services,2024-06-19 01:07:47
SSU,industrial_goods__services,2024-06-19 01:07:47
QNU,industrial_goods__services,2024-06-19 01:07:47
HPB,industrial_goods__services,2024-06-19 01:07:47
INN,industrial_goods__services,2024-06-19 01:07:47
GIC,industrial_goods__services,2024-06-19 01:07:47
ILB,industrial_goods__services,2024-06-19 01:07:47
HGR,industrial_goods__services,2024-06-19 01:07:47
DDM,industrial_goods__services,2024-06-19 01:07:47
DXP,industrial_goods__services,2024-06-19 01:07:47
FT1,industrial_goods__services,2024-06-19 01:07:47
HBD,industrial_goods__services,2024-06-19 01:07:47
HCT,industrial_goods__services,2024-06-19 01:07:47
DKH,industrial_goods__services,2024-06-19 01:07:47
TAB,industrial_goods__services,2024-06-19 01:07:47
L35,industrial_goods__services,2024-06-19 01:07:47
NAS,industrial_goods__services,2024-06-19 01:07:47
MTL,industrial_goods__services,2024-06-19 01:07:47
NAG,industrial_goods__services,2024-06-19 01:07:47
VTP,industrial_goods__services,2024-06-19 01:07:47
BXH,industrial_goods__services,2024-06-19 01:07:47
VSC,industrial_goods__services,2024-06-19 01:07:47
VT8,industrial_goods__services,2024-06-19 01:07:47
THU,industrial_goods__services,2024-06-19 01:07:47
VTK,industrial_goods__services,2024-06-19 01:07:47
TIE,industrial_goods__services,2024-06-19 01:07:47
MDT,industrial_goods__services,2024-06-19 01:07:47
ABR,industrial_goods__services,2024-06-19 01:07:47
CAM,industrial_goods__services,2024-06-19 01:07:47
SPA,industrial_goods__services,2024-06-19 01:07:47
TCO,industrial_goods__services,2024-06-19 01:07:47
PTS,industrial_goods__services,2024-06-19 01:07:47
SDK,industrial_goods__services,2024-06-19 01:07:47
VCM,industrial_goods__services,2024-06-19 01:07:47
PEC,industrial_goods__services,2024-06-19 01:07:47
VFC,industrial_goods__services,2024-06-19 01:07:47
VNL,industrial_goods__services,2024-06-19 01:07:47
QBR,industrial_goods__services,2024-06-19 01:07:47
TSB,industrial_goods__services,2024-06-19 01:07:47
VHG,industrial_goods__services,2024-06-19 01:07:47
MTB,industrial_goods__services,2024-06-19 01:07:47
VQC,industrial_goods__services,2024-06-19 01:07:47
HHN,industrial_goods__services,2024-06-19 01:07:47
HHR,industrial_goods__services,2024-06-19 01:07:47
IMI,industrial_goods__services,2024-06-19 01:07:47
IST,industrial_goods__services,2024-06-19 01:07:47
HAW,industrial_goods__services,2024-06-19 01:07:47
CTB,industrial_goods__services,2024-06-19 01:07:47
DNE,industrial_goods__services,2024-06-19 01:07:47
CKM,industrial_goods__services,2024-06-19 01:07:47
DNL,industrial_goods__services,2024-06-19 01:07:47
DZM,industrial_goods__services,2024-06-19 01:07:47
GMD,industrial_goods__services,2024-06-19 01:07:47
FBC,industrial_goods__services,2024-06-19 01:07:47
RHN,industrial_goods__services,2024-06-19 01:07:47
HCS,industrial_goods__services,2024-06-19 01:07:47
HEC,industrial_goods__services,2024-06-19 01:07:47
NO1,industrial_goods__services,2024-06-19 01:07:47
TMT,automobiles__parts,2024-06-19 01:07:47
VMA,automobiles__parts,2024-06-19 01:07:47
CTF,automobiles__parts,2024-06-19 01:07:47
HTL,automobiles__parts,2024-06-19 01:07:47
CSM,automobiles__parts,2024-06-19 01:07:47
FTI,automobiles__parts,2024-06-19 01:07:47
SVC,automobiles__parts,2024-06-19 01:07:47
CMC,automobiles__parts,2024-06-19 01:07:47
VVS,automobiles__parts,2024-06-19 01:07:47
DRC,automobiles__parts,2024-06-19 01:07:47
HHS,automobiles__parts,2024-06-19 01:07:47
VKC,automobiles__parts,2024-06-19 01:07:47
HAX,automobiles__parts,2024-06-19 01:07:47
GGG,automobiles__parts,2024-06-19 01:07:47
SRC,automobiles__parts,2024-06-19 01:07:47
KTS,food__beverage,2024-06-19 01:07:47
MML,food__beverage,2024-06-19 01:07:47
NGC,food__beverage,2024-06-19 01:07:47
VLF,food__beverage,2024-06-19 01:07:47
VCF,food__beverage,2024-06-19 01:07:47
BSQ,food__beverage,2024-06-19 01:07:47
BHN,food__beverage,2024-06-19 01:07:47
BHP,food__beverage,2024-06-19 01:07:47
ASM,food__beverage,2024-06-19 01:07:47
ATA,food__beverage,2024-06-19 01:07:47
CAT,food__beverage,2024-06-19 01:07:47
SBB,food__beverage,2024-06-19 01:07:47
SBL,food__beverage,2024-06-19 01:07:47
SKN,food__beverage,2024-06-19 01:07:47
THP,food__beverage,2024-06-19 01:07:47
VDL,food__beverage,2024-06-19 01:07:47
SSC,food__beverage,2024-06-19 01:07:47
HNF,food__beverage,2024-06-19 01:07:47
HVG,food__beverage,2024-06-19 01:07:47
CTP,food__beverage,2024-06-19 01:07:47
NSS,food__beverage,2024-06-19 01:07:47
HNR,food__beverage,2024-06-19 01:07:47
HKB,food__beverage,2024-06-19 01:07:47
LAF,food__beverage,2024-06-19 01:07:47
MSN,food__beverage,2024-06-19 01:07:47
BRV,food__beverage,2024-06-19 01:07:47
STN,food__beverage,2024-06-19 01:07:47
BSH,food__beverage,2024-06-19 01:07:47
CPA,food__beverage,2024-06-19 01:07:47
CFV,food__beverage,2024-06-19 01:07:47
BLF,food__beverage,2024-06-19 01:07:47
ATP,food__beverage,2024-06-19 01:07:47
CLX,food__beverage,2024-06-19 01:07:47
CMN,food__beverage,2024-06-19 01:07:47
SKH,food__beverage,2024-06-19 01:07:47
BSL,food__beverage,2024-06-19 01:07:47
STD,food__beverage,2024-06-19 01:07:47
DAT,food__beverage,2024-06-19 01:07:47
TAR,food__beverage,2024-06-19 01:07:47
NSC,food__beverage,2024-06-19 01:07:47
VHF,food__beverage,2024-06-19 01:07:47
BTB,food__beverage,2024-06-19 01:07:47
ILA,food__beverage,2024-06-19 01:07:47
IFS,food__beverage,2024-06-19 01:07:47
DFS,food__beverage,2024-06-19 01:07:47
DMN,food__beverage,2024-06-19 01:07:47
FMC,food__beverage,2024-06-19 01:07:47
HLG,food__beverage,2024-06-19 01:07:47
HNM,food__beverage,2024-06-19 01:07:47
IDP,food__beverage,2024-06-19 01:07:47
MLS,food__beverage,2024-06-19 01:07:47
NCS,food__beverage,2024-06-19 01:07:47
FCC,food__beverage,2024-06-19 01:07:47
VTL,food__beverage,2024-06-19 01:07:47
OCH,food__beverage,2024-06-19 01:07:47
CMF,food__beverage,2024-06-19 01:07:47
AUM,food__beverage,2024-06-19 01:07:47
SST,food__beverage,2024-06-19 01:07:47
SNC,food__beverage,2024-06-19 01:07:47
BCF,food__beverage,2024-06-19 01:07:47
BMV,food__beverage,2024-06-19 01:07:47
NNQ,food__beverage,2024-06-19 01:07:47
GQN,food__beverage,2024-06-19 01:07:47
KDF,food__beverage,2024-06-19 01:07:47
HAT,food__beverage,2024-06-19 01:07:47
HAG,food__beverage,2024-06-19 01:07:47
HLB,food__beverage,2024-06-19 01:07:47
BKH,food__beverage,2024-06-19 01:07:47
JOS,food__beverage,2024-06-19 01:07:47
UXC,food__beverage,2024-06-19 01:07:47
VSN,food__beverage,2024-06-19 01:07:47
SB1,food__beverage,2024-06-19 01:07:47
VLC,food__beverage,2024-06-19 01:07:47
S33,food__beverage,2024-06-19 01:07:47
SPV,food__beverage,2024-06-19 01:07:47
TAC,food__beverage,2024-06-19 01:07:47
CAD,food__beverage,2024-06-19 01:07:47
BHK,food__beverage,2024-06-19 01:07:47
BLT,food__beverage,2024-06-19 01:07:47
CBS,food__beverage,2024-06-19 01:07:47
AGF,food__beverage,2024-06-19 01:07:47
AGM,food__beverage,2024-06-19 01:07:47
AAM,food__beverage,2024-06-19 01:07:47
NCG,food__beverage,2024-06-19 01:07:47
BSP,food__beverage,2024-06-19 01:07:47
APT,food__beverage,2024-06-19 01:07:47
PRO,food__beverage,2024-06-19 01:07:47
PCF,food__beverage,2024-06-19 01:07:47
VEG,food__beverage,2024-06-19 01:07:47
TFC,food__beverage,2024-06-19 01:07:47
TS4,food__beverage,2024-06-19 01:07:47
IFC,food__beverage,2024-06-19 01:07:47
HDS,food__beverage,2024-06-19 01:07:47
HGA,food__beverage,2024-06-19 01:07:47
SCV,food__beverage,2024-06-19 01:07:47
CMM,food__beverage,2024-06-19 01:07:47
MCH,food__beverage,2024-06-19 01:07:47
AGC,food__beverage,2024-06-19 01:07:47
CAF,food__beverage,2024-06-19 01:07:47
BAF,food__beverage,2024-06-19 01:07:47
ANT,food__beverage,2024-06-19 01:07:47
ANV,food__beverage,2024-06-19 01:07:47
CMX,food__beverage,2024-06-19 01:07:47
CFC,food__beverage,2024-06-19 01:07:47
SKV,food__beverage,2024-06-19 01:07:47
SAB,food__beverage,2024-06-19 01:07:47
PSL,food__beverage,2024-06-19 01:07:47
SMB,food__beverage,2024-06-19 01:07:47
PAN,food__beverage,2024-06-19 01:07:47
SSN,food__beverage,2024-06-19 01:07:47
QNS,food__beverage,2024-06-19 01:07:47
IDI,food__beverage,2024-06-19 01:07:47
KHS,food__beverage,2024-06-19 01:07:47
HAV,food__beverage,2024-06-19 01:07:47
HNG,food__beverage,2024-06-19 01:07:47
LYF,food__beverage,2024-06-19 01:07:47
NDF,food__beverage,2024-06-19 01:07:47
MPC,food__beverage,2024-06-19 01:07:47
NAF,food__beverage,2024-06-19 01:07:47
WSB,food__beverage,2024-06-19 01:07:47
C22,food__beverage,2024-06-19 01:07:47
BHG,food__beverage,2024-06-19 01:07:47
BNA,food__beverage,2024-06-19 01:07:47
BBC,food__beverage,2024-06-19 01:07:47
SBT,food__beverage,2024-06-19 01:07:47
SLS,food__beverage,2024-06-19 01:07:47
VSF,food__beverage,2024-06-19 01:07:47
BQB,food__beverage,2024-06-19 01:07:47
VNM,food__beverage,2024-06-19 01:07:47
VHC,food__beverage,2024-06-19 01:07:47
HVA,food__beverage,2024-06-19 01:07:47
KTC,food__beverage,2024-06-19 01:07:47
KSE,food__beverage,2024-06-19 01:07:47
BSD,food__beverage,2024-06-19 01:07:47
FCS,food__beverage,2024-06-19 01:07:47
HAD,food__beverage,2024-06-19 01:07:47
HCO,food__beverage,2024-06-19 01:07:47
CNA,food__beverage,2024-06-19 01:07:47
LSS,food__beverage,2024-06-19 01:07:47
MCF,food__beverage,2024-06-19 01:07:47
VKD,food__beverage,2024-06-19 01:07:47
SEA,food__beverage,2024-06-19 01:07:47
CCA,food__beverage,2024-06-19 01:07:47
ACL,food__beverage,2024-06-19 01:07:47
BAS,food__beverage,2024-06-19 01:07:47
SGC,food__beverage,2024-06-19 01:07:47
TVO,food__beverage,2024-06-19 01:07:47
SJ1,food__beverage,2024-06-19 01:07:47
SPD,food__beverage,2024-06-19 01:07:47
QHW,food__beverage,2024-06-19 01:07:47
CQN,food__beverage,2024-06-19 01:07:47
VOC,food__beverage,2024-06-19 01:07:47
HSL,food__beverage,2024-06-19 01:07:47
THB,food__beverage,2024-06-19 01:07:47
ICF,food__beverage,2024-06-19 01:07:47
KAT,food__beverage,2024-06-19 01:07:47
DBC,food__beverage,2024-06-19 01:07:47
FDG,food__beverage,2024-06-19 01:07:47
GTN,food__beverage,2024-06-19 01:07:47
HKT,food__beverage,2024-06-19 01:07:47
GGS,food__beverage,2024-06-19 01:07:47
HAF,food__beverage,2024-06-19 01:07:47
HBH,food__beverage,2024-06-19 01:07:47
MCM,food__beverage,2024-06-19 01:07:47
TCJ,food__beverage,2024-06-19 01:07:47
VHI,food__beverage,2024-06-19 01:07:47
TAN,food__beverage,2024-06-19 01:07:47
SAF,food__beverage,2024-06-19 01:07:47
CAN,food__beverage,2024-06-19 01:07:47
ABT,food__beverage,2024-06-19 01:07:47
AVF,food__beverage,2024-06-19 01:07:47
CBC,food__beverage,2024-06-19 01:07:47
APF,food__beverage,2024-06-19 01:07:47
SGO,food__beverage,2024-06-19 01:07:47
SCD,food__beverage,2024-06-19 01:07:47
VNH,food__beverage,2024-06-19 01:07:47
SPH,food__beverage,2024-06-19 01:07:47
KDC,food__beverage,2024-06-19 01:07:47
DTF,food__beverage,2024-06-19 01:07:47
EPC,food__beverage,2024-06-19 01:07:47
FGL,food__beverage,2024-06-19 01:07:47
GTC,food__beverage,2024-06-19 01:07:47
BBM,food__beverage,2024-06-19 01:07:47
HHC,food__beverage,2024-06-19 01:07:47
GCF,food__beverage,2024-06-19 01:07:47
RAL,personal__household_goods,2024-06-19 01:07:47
NJC,personal__household_goods,2024-06-19 01:07:47
VDM,personal__household_goods,2024-06-19 01:07:47
GTK,personal__household_goods,2024-06-19 01:07:47
TNG,personal__household_goods,2024-06-19 01:07:47
MVT,personal__household_goods,2024-06-19 01:07:47
VTI,personal__household_goods,2024-06-19 01:07:47
BEL,personal__household_goods,2024-06-19 01:07:47
CLC,personal__household_goods,2024-06-19 01:07:47
M10,personal__household_goods,2024-06-19 01:07:47
GDT,personal__household_goods,2024-06-19 01:07:47
HCB,personal__household_goods,2024-06-19 01:07:47
TLG,personal__household_goods,2024-06-19 01:07:47
VNW,personal__household_goods,2024-06-19 01:07:47
X20,personal__household_goods,2024-06-19 01:07:47
BMG,personal__household_goods,2024-06-19 01:07:47
A32,personal__household_goods,2024-06-19 01:07:47
NHT,personal__household_goods,2024-06-19 01:07:47
XHC,personal__household_goods,2024-06-19 01:07:47
TTG,personal__household_goods,2024-06-19 01:07:47
HPU,personal__household_goods,2024-06-19 01:07:47
HKC,personal__household_goods,2024-06-19 01:07:47
DCS,personal__household_goods,2024-06-19 01:07:47
DM7,personal__household_goods,2024-06-19 01:07:47
DQC,personal__household_goods,2024-06-19 01:07:47
FTM,personal__household_goods,2024-06-19 01:07:47
SGI,personal__household_goods,2024-06-19 01:07:47
MSC,personal__household_goods,2024-06-19 01:07:47
XPH,personal__household_goods,2024-06-19 01:07:47
STK,personal__household_goods,2024-06-19 01:07:47
AAT,personal__household_goods,2024-06-19 01:07:47
BBT,personal__household_goods,2024-06-19 01:07:47
ATD,personal__household_goods,2024-06-19 01:07:47
BDF,personal__household_goods,2024-06-19 01:07:47
TCM,personal__household_goods,2024-06-19 01:07:47
NST,personal__household_goods,2024-06-19 01:07:47
MDN,personal__household_goods,2024-06-19 01:07:47
GIL,personal__household_goods,2024-06-19 01:07:47
GLT,personal__household_goods,2024-06-19 01:07:47
GCD,personal__household_goods,2024-06-19 01:07:47
HNE,personal__household_goods,2024-06-19 01:07:47
MPT,personal__household_goods,2024-06-19 01:07:47
SHE,personal__household_goods,2024-06-19 01:07:47
NTT,personal__household_goods,2024-06-19 01:07:47
ADS,personal__household_goods,2024-06-19 01:07:47
GID,personal__household_goods,2024-06-19 01:07:47
HLT,personal__household_goods,2024-06-19 01:07:47
LIX,personal__household_goods,2024-06-19 01:07:47
VTJ,personal__household_goods,2024-06-19 01:07:47
SVD,personal__household_goods,2024-06-19 01:07:47
AG1,personal__household_goods,2024-06-19 01:07:47
DCG,personal__household_goods,2024-06-19 01:07:47
PTG,personal__household_goods,2024-06-19 01:07:47
MSH,personal__household_goods,2024-06-19 01:07:47
SPB,personal__household_goods,2024-06-19 01:07:47
NDT,personal__household_goods,2024-06-19 01:07:47
MGG,personal__household_goods,2024-06-19 01:07:47
HFS,personal__household_goods,2024-06-19 01:07:47
THM,personal__household_goods,2024-06-19 01:07:47
LGM,personal__household_goods,2024-06-19 01:07:47
BVN,personal__household_goods,2024-06-19 01:07:47
TVT,personal__household_goods,2024-06-19 01:07:47
VGG,personal__household_goods,2024-06-19 01:07:47
BKG,personal__household_goods,2024-06-19 01:07:47
AQN,personal__household_goods,2024-06-19 01:07:47
CET,personal__household_goods,2024-06-19 01:07:47
TET,personal__household_goods,2024-06-19 01:07:47
SSF,personal__household_goods,2024-06-19 01:07:47
HJC,personal__household_goods,2024-06-19 01:07:47
DTN,personal__household_goods,2024-06-19 01:07:47
EVE,personal__household_goods,2024-06-19 01:07:47
G20,personal__household_goods,2024-06-19 01:07:47
NET,personal__household_goods,2024-06-19 01:07:47
TLI,personal__household_goods,2024-06-19 01:07:47
PNJ,personal__household_goods,2024-06-19 01:07:47
ASA,personal__household_goods,2024-06-19 01:07:47
BDG,personal__household_goods,2024-06-19 01:07:47
TDT,personal__household_goods,2024-06-19 01:07:47
VDN,personal__household_goods,2024-06-19 01:07:47
HTG,personal__household_goods,2024-06-19 01:07:47
MEG,personal__household_goods,2024-06-19 01:07:47
FBA,personal__household_goods,2024-06-19 01:07:47
HSM,personal__household_goods,2024-06-19 01:07:47
HDM,personal__household_goods,2024-06-19 01:07:47
VGT,personal__household_goods,2024-06-19 01:07:47
X26,personal__household_goods,2024-06-19 01:07:47
SOV,personal__household_goods,2024-06-19 01:07:47
AGB,personal__household_goods,2024-06-19 01:07:47
PPH,personal__household_goods,2024-06-19 01:07:47
GTD,personal__household_goods,2024-06-19 01:07:47
MNB,personal__household_goods,2024-06-19 01:07:47
NPS,personal__household_goods,2024-06-19 01:07:47
HNI,personal__household_goods,2024-06-19 01:07:47
HUG,personal__household_goods,2024-06-19 01:07:47
KSD,personal__household_goods,2024-06-19 01:07:47
KGR,personal__household_goods,2024-06-19 01:07:47
KMR,personal__household_goods,2024-06-19 01:07:47
GMC,personal__household_goods,2024-06-19 01:07:47
MRF,health_care,2024-06-19 01:07:47
NDC,health_care,2024-06-19 01:07:47
MTP,health_care,2024-06-19 01:07:47
TVP,health_care,2024-06-19 01:07:47
BCH,health_care,2024-06-19 01:07:47
BCP,health_care,2024-06-19 01:07:47
IMP,health_care,2024-06-19 01:07:47
DBT,health_care,2024-06-19 01:07:47
DDN,health_care,2024-06-19 01:07:47
MED,health_care,2024-06-19 01:07:47
DMH,health_care,2024-06-19 01:07:47
VMD,health_care,2024-06-19 01:07:47
OPC,health_care,2024-06-19 01:07:47
BIO,health_care,2024-06-19 01:07:47
APC,health_care,2024-06-19 01:07:47
TRA,health_care,2024-06-19 01:07:47
PBC,health_care,2024-06-19 01:07:47
DMC,health_care,2024-06-19 01:07:47
DHN,health_care,2024-06-19 01:07:47
DHD,health_care,2024-06-19 01:07:47
LDP,health_care,2024-06-19 01:07:47
MKP,health_care,2024-06-19 01:07:47
DTG,health_care,2024-06-19 01:07:47
PMC,health_care,2024-06-19 01:07:47
DVN,health_care,2024-06-19 01:07:47
DBM,health_care,2024-06-19 01:07:47
DP3,health_care,2024-06-19 01:07:47
MEF,health_care,2024-06-19 01:07:47
VHE,health_care,2024-06-19 01:07:47
VDP,health_care,2024-06-19 01:07:47
DBD,health_care,2024-06-19 01:07:47
CVN,health_care,2024-06-19 01:07:47
TTD,health_care,2024-06-19 01:07:47
SPM,health_care,2024-06-19 01:07:47
DTP,health_care,2024-06-19 01:07:47
CBV,health_care,2024-06-19 01:07:47
DHG,health_care,2024-06-19 01:07:47
HDV,health_care,2024-06-19 01:07:47
NDP,health_care,2024-06-19 01:07:47
UPH,health_care,2024-06-19 01:07:47
PME,health_care,2024-06-19 01:07:47
DPH,health_care,2024-06-19 01:07:47
DAN,health_care,2024-06-19 01:07:47
DNM,health_care,2024-06-19 01:07:47
NTF,health_care,2024-06-19 01:07:47
TNH,health_care,2024-06-19 01:07:47
AMV,health_care,2024-06-19 01:07:47
CDP,health_care,2024-06-19 01:07:47
DPP,health_care,2024-06-19 01:07:47
DP2,health_care,2024-06-19 01:07:47
GPC,health_care,2024-06-19 01:07:47
MKV,health_care,2024-06-19 01:07:47
YTC,health_care,2024-06-19 01:07:47
DTH,health_care,2024-06-19 01:07:47
AMP,health_care,2024-06-19 01:07:47
JVC,health_care,2024-06-19 01:07:47
DCL,health_care,2024-06-19 01:07:47
DVM,health_care,2024-06-19 01:07:47
AGP,health_care,2024-06-19 01:07:47
CNC,health_care,2024-06-19 01:07:47
TW3,health_care,2024-06-19 01:07:47
PPP,health_care,2024-06-19 01:07:47
DP1,health_care,2024-06-19 01:07:47
DKP,health_care,2024-06-19 01:07:47
HDP,health_care,2024-06-19 01:07:47
MWG,retail,2024-06-19 01:07:47
TOP,retail,2024-06-19 01:07:47
ABS,retail,2024-06-19 01:07:47
CMV,retail,2024-06-19 01:07:47
COM,retail,2024-06-19 01:07:47
CPH,retail,2024-06-19 01:07:47
IED,retail,2024-06-19 01:07:47
HTM,retail,2024-06-19 01:07:47
UNM,retail,2024-06-19 01:07:47
VT1,retail,2024-06-19 01:07:47
THS,retail,2024-06-19 01:07:47
TTH,retail,2024-06-19 01:07:47
AFX,retail,2024-06-19 01:07:47
PSD,retail,2024-06-19 01:07:47
HTT,retail,2024-06-19 01:07:47
DGW,retail,2024-06-19 01:07:47
PNG,retail,2024-06-19 01:07:47
SAS,retail,2024-06-19 01:07:47
PET,retail,2024-06-19 01:07:47
FRT,retail,2024-06-19 01:07:47
FHN,retail,2024-06-19 01:07:47
BTT,retail,2024-06-19 01:07:47
AGX,retail,2024-06-19 01:07:47
DHT,retail,2024-06-19 01:07:47
DKC,retail,2024-06-19 01:07:47
LBC,retail,2024-06-19 01:07:47
T12,retail,2024-06-19 01:07:47
SAD,retail,2024-06-19 01:07:47
BSC,retail,2024-06-19 01:07:47
TV6,retail,2024-06-19 01:07:47
TLS,retail,2024-06-19 01:07:47
CEN,retail,2024-06-19 01:07:47
GEM,retail,2024-06-19 01:07:47
TH1,retail,2024-06-19 01:07:47
PIT,retail,2024-06-19 01:07:47
CGL,retail,2024-06-19 01:07:47
AST,retail,2024-06-19 01:07:47
SBV,retail,2024-06-19 01:07:47
KGM,retail,2024-06-19 01:07:47
HFX,retail,2024-06-19 01:07:47
NBE,media,2024-06-19 01:07:47
PNC,media,2024-06-19 01:07:47
SED,media,2024-06-19 01:07:47
RGC,media,2024-06-19 01:07:47
HTP,media,2024-06-19 01:07:47
HAB,media,2024-06-19 01:07:47
HEV,media,2024-06-19 01:07:47
SUM,media,2024-06-19 01:07:47
SMN,media,2024-06-19 01:07:47
VNZ,media,2024-06-19 01:07:47
DNB,media,2024-06-19 01:07:47
HST,media,2024-06-19 01:07:47
IN4,media,2024-06-19 01:07:47
IPH,media,2024-06-19 01:07:47
IHK,media,2024-06-19 01:07:47
ECI,media,2024-06-19 01:07:47
IBN,media,2024-06-19 01:07:47
DAE,media,2024-06-19 01:07:47
VNX,media,2024-06-19 01:07:47
HHI,media,2024-06-19 01:07:47
IKH,media,2024-06-19 01:07:47
EBS,media,2024-06-19 01:07:47
HBE,media,2024-06-19 01:07:47
ADC,media,2024-06-19 01:07:47
ADG,media,2024-06-19 01:07:47
TPH,media,2024-06-19 01:07:47
IN7,media,2024-06-19 01:07:47
KBE,media,2024-06-19 01:07:47
SGD,media,2024-06-19 01:07:47
IBD,media,2024-06-19 01:07:47
DST,media,2024-06-19 01:07:47
FOC,media,2024-06-19 01:07:47
YEG,media,2024-06-19 01:07:47
STH,media,2024-06-19 01:07:47
BED,media,2024-06-19 01:07:47
SAP,media,2024-06-19 01:07:47
VNB,media,2024-06-19 01:07:47
QST,media,2024-06-19 01:07:47
EID,media,2024-06-19 01:07:47
ODE,media,2024-06-19 01:07:47
ALT,media,2024-06-19 01:07:47
BDB,media,2024-06-19 01:07:47
BST,media,2024-06-19 01:07:47
VPR,media,2024-06-19 01:07:47
FHS,media,2024-06-19 01:07:47
LBE,media,2024-06-19 01:07:47
CAB,media,2024-06-19 01:07:47
EPH,media,2024-06-19 01:07:47
DAD,media,2024-06-19 01:07:47
VEF,media,2024-06-19 01:07:47
STC,media,2024-06-19 01:07:47
NTG,travel__leisure,2024-06-19 01:07:47
BDP,travel__leisure,2024-06-19 01:07:47
RVN,travel__leisure,2024-06-19 01:07:47
TPS,travel__leisure,2024-06-19 01:07:47
SCS,travel__leisure,2024-06-19 01:07:47
DSP,travel__leisure,2024-06-19 01:07:47
PGT,travel__leisure,2024-06-19 01:07:47
TTT,travel__leisure,2024-06-19 01:07:47
HHG,travel__leisure,2024-06-19 01:07:47
KLF,travel__leisure,2024-06-19 01:07:47
HRT,travel__leisure,2024-06-19 01:07:47
DLT,travel__leisure,2024-06-19 01:07:47
SGH,travel__leisure,2024-06-19 01:07:47
TCT,travel__leisure,2024-06-19 01:07:47
SKG,travel__leisure,2024-06-19 01:07:47
TSJ,travel__leisure,2024-06-19 01:07:47
DTI,travel__leisure,2024-06-19 01:07:47
DNT,travel__leisure,2024-06-19 01:07:47
HNT,travel__leisure,2024-06-19 01:07:47
VJC,travel__leisure,2024-06-19 01:07:47
TTJ,travel__leisure,2024-06-19 01:07:47
RIC,travel__leisure,2024-06-19 01:07:47
VTG,travel__leisure,2024-06-19 01:07:47
NPH,travel__leisure,2024-06-19 01:07:47
SHX,travel__leisure,2024-06-19 01:07:47
SPS,travel__leisure,2024-06-19 01:07:47
MTC,travel__leisure,2024-06-19 01:07:47
VNS,travel__leisure,2024-06-19 01:07:47
HOT,travel__leisure,2024-06-19 01:07:47
KLC,travel__leisure,2024-06-19 01:07:47
DAR,travel__leisure,2024-06-19 01:07:47
FDT,travel__leisure,2024-06-19 01:07:47
DXL,travel__leisure,2024-06-19 01:07:47
MAS,travel__leisure,2024-06-19 01:07:47
VTR,travel__leisure,2024-06-19 01:07:47
TSD,travel__leisure,2024-06-19 01:07:47
CTC,travel__leisure,2024-06-19 01:07:47
DSN,travel__leisure,2024-06-19 01:07:47
BTV,travel__leisure,2024-06-19 01:07:47
BCV,travel__leisure,2024-06-19 01:07:47
ATS,travel__leisure,2024-06-19 01:07:47
CXH,travel__leisure,2024-06-19 01:07:47
SRT,travel__leisure,2024-06-19 01:07:47
DHQ,travel__leisure,2024-06-19 01:07:47
STT,travel__leisure,2024-06-19 01:07:47
VTM,travel__leisure,2024-06-19 01:07:47
ONW,travel__leisure,2024-06-19 01:07:47
PDC,travel__leisure,2024-06-19 01:07:47
HVN,travel__leisure,2024-06-19 01:07:47
VNG,travel__leisure,2024-06-19 01:07:47
DCD,travel__leisure,2024-06-19 01:07:47
GTT,travel__leisure,2024-06-19 01:07:47
NWT,travel__leisure,2024-06-19 01:07:47
MLN,travel__leisure,2024-06-19 01:07:47
BLN,travel__leisure,2024-06-19 01:07:47
VIR,travel__leisure,2024-06-19 01:07:47
VTD,travel__leisure,2024-06-19 01:07:47
EIN,travel__leisure,2024-06-19 01:07:47
DAH,travel__leisure,2024-06-19 01:07:47
BSG,travel__leisure,2024-06-19 01:07:47
DLD,travel__leisure,2024-06-19 01:07:47
DBH,travel__leisure,2024-06-19 01:07:47
HES,travel__leisure,2024-06-19 01:07:47
HGT,travel__leisure,2024-06-19 01:07:47
DSD,travel__leisure,2024-06-19 01:07:47
TTN,telecommunications,2024-06-19 01:07:47
PIA,telecommunications,2024-06-19 01:07:47
PAI,telecommunications,2024-06-19 01:07:47
MFS,telecommunications,2024-06-19 01:07:47
ABC,telecommunications,2024-06-19 01:07:47
PTP,telecommunications,2024-06-19 01:07:47
FOX,telecommunications,2024-06-19 01:07:47
VGI,telecommunications,2024-06-19 01:07:47
TMP,utilities,2024-06-19 01:07:47
BTW,utilities,2024-06-19 01:07:47
VWS,utilities,2024-06-19 01:07:47
BDW,utilities,2024-06-19 01:07:47
TVW,utilities,2024-06-19 01:07:47
PSH,utilities,2024-06-19 01:07:47
QTP,utilities,2024-06-19 01:07:47
TTE,utilities,2024-06-19 01:07:47
DTV,utilities,2024-06-19 01:07:47
LDW,utilities,2024-06-19 01:07:47
UPC,utilities,2024-06-19 01:07:47
BWA,utilities,2024-06-19 01:07:47
TOW,utilities,2024-06-19 01:07:47
SEB,utilities,2024-06-19 01:07:47
DLM,utilities,2024-06-19 01:07:47
BMF,utilities,2024-06-19 01:07:47
BTP,utilities,2024-06-19 01:07:47
WTN,utilities,2024-06-19 01:07:47
PTH,utilities,2024-06-19 01:07:47
TDW,utilities,2024-06-19 01:07:47
PEG,utilities,2024-06-19 01:07:47
PGC,utilities,2024-06-19 01:07:47
PGS,utilities,2024-06-19 01:07:47
KTW,utilities,2024-06-19 01:07:47
DMS,utilities,2024-06-19 01:07:47
GHC,utilities,2024-06-19 01:07:47
HBW,utilities,2024-06-19 01:07:47
HDW,utilities,2024-06-19 01:07:47
DKW,utilities,2024-06-19 01:07:47
HND,utilities,2024-06-19 01:07:47
NDW,utilities,2024-06-19 01:07:47
VCW,utilities,2024-06-19 01:07:47
CMW,utilities,2024-06-19 01:07:47
ASP,utilities,2024-06-19 01:07:47
CLW,utilities,2024-06-19 01:07:47
SBA,utilities,2024-06-19 01:07:47
SMA,utilities,2024-06-19 01:07:47
PCG,utilities,2024-06-19 01:07:47
NLS,utilities,2024-06-19 01:07:47
NNB,utilities,2024-06-19 01:07:47
NNT,utilities,2024-06-19 01:07:47
POW,utilities,2024-06-19 01:07:47
PWS,utilities,2024-06-19 01:07:47
VPD,utilities,2024-06-19 01:07:47
NQB,utilities,2024-06-19 01:07:47
NS2,utilities,2024-06-19 01:07:47
TLP,utilities,2024-06-19 01:07:47
QNW,utilities,2024-06-19 01:07:47
NQN,utilities,2024-06-19 01:07:47
NBP,utilities,2024-06-19 01:07:47
VMG,utilities,2024-06-19 01:07:47
THW,utilities,2024-06-19 01:07:47
BHA,utilities,2024-06-19 01:07:47
BLW,utilities,2024-06-19 01:07:47
BSA,utilities,2024-06-19 01:07:47
SFC,utilities,2024-06-19 01:07:47
POB,utilities,2024-06-19 01:07:47
TBC,utilities,2024-06-19 01:07:47
DNA,utilities,2024-06-19 01:07:47
TBW,utilities,2024-06-19 01:07:47
VCP,utilities,2024-06-19 01:07:47
TDG,utilities,2024-06-19 01:07:47
TDM,utilities,2024-06-19 01:07:47
ISH,utilities,2024-06-19 01:07:47
NQT,utilities,2024-06-19 01:07:47
VXT,utilities,2024-06-19 01:07:47
NVP,utilities,2024-06-19 01:07:47
THN,utilities,2024-06-19 01:07:47
HTC,utilities,2024-06-19 01:07:47
WTB,utilities,2024-06-19 01:07:47
DBW,utilities,2024-06-19 01:07:47
DRL,utilities,2024-06-19 01:07:47
GDW,utilities,2024-06-19 01:07:47
GAS,utilities,2024-06-19 01:07:47
HTW,utilities,2024-06-19 01:07:47
GSM,utilities,2024-06-19 01:07:47
STW,utilities,2024-06-19 01:07:47
LWS,utilities,2024-06-19 01:07:47
NAW,utilities,2024-06-19 01:07:47
NBW,utilities,2024-06-19 01:07:47
TTA,utilities,2024-06-19 01:07:47
VLW,utilities,2024-06-19 01:07:47
TMC,utilities,2024-06-19 01:07:47
TNW,utilities,2024-06-19 01:07:47
NBT,utilities,2024-06-19 01:07:47
BGW,utilities,2024-06-19 01:07:47
CHP,utilities,2024-06-19 01:07:47
CTW,utilities,2024-06-19 01:07:47
TAW,utilities,2024-06-19 01:07:47
POV,utilities,2024-06-19 01:07:47
PBK,utilities,2024-06-19 01:07:47
PVG,utilities,2024-06-19 01:07:47
PDT,utilities,2024-06-19 01:07:47
NSL,utilities,2024-06-19 01:07:47
NS3,utilities,2024-06-19 01:07:47
CVH,utilities,2024-06-19 01:07:47
HPW,utilities,2024-06-19 01:07:47
KHW,utilities,2024-06-19 01:07:47
KWA,utilities,2024-06-19 01:07:47
NCP,utilities,2024-06-19 01:07:47
XMP,utilities,2024-06-19 01:07:47
EBA,utilities,2024-06-19 01:07:47
PGV,utilities,2024-06-19 01:07:47
HJS,utilities,2024-06-19 01:07:47
HNA,utilities,2024-06-19 01:07:47
HIO,utilities,2024-06-19 01:07:47
LAW,utilities,2024-06-19 01:07:47
LCW,utilities,2024-06-19 01:07:47
LKW,utilities,2024-06-19 01:07:47
ND2,utilities,2024-06-19 01:07:47
BWS,utilities,2024-06-19 01:07:47
SVH,utilities,2024-06-19 01:07:47
PMG,utilities,2024-06-19 01:07:47
CGC,utilities,2024-06-19 01:07:47
BPW,utilities,2024-06-19 01:07:47
PPC,utilities,2024-06-19 01:07:47
CHS,utilities,2024-06-19 01:07:47
SBH,utilities,2024-06-19 01:07:47
SII,utilities,2024-06-19 01:07:47
SP2,utilities,2024-06-19 01:07:47
S4A,utilities,2024-06-19 01:07:47
KHP,utilities,2024-06-19 01:07:47
TDB,utilities,2024-06-19 01:07:47
DNC,utilities,2024-06-19 01:07:47
EAD,utilities,2024-06-19 01:07:47
GLW,utilities,2024-06-19 01:07:47
GEG,utilities,2024-06-19 01:07:47
PIC,utilities,2024-06-19 01:07:47
PJC,utilities,2024-06-19 01:07:47
PJS,utilities,2024-06-19 01:07:47
PMW,utilities,2024-06-19 01:07:47
PND,utilities,2024-06-19 01:07:47
DWC,utilities,2024-06-19 01:07:47
GCB,utilities,2024-06-19 01:07:47
QPH,utilities,2024-06-19 01:07:47
HPD,utilities,2024-06-19 01:07:47
DDG,utilities,2024-06-19 01:07:47
DVC,utilities,2024-06-19 01:07:47
DNW,utilities,2024-06-19 01:07:47
DNH,utilities,2024-06-19 01:07:47
DNN,utilities,2024-06-19 01:07:47
HTE,utilities,2024-06-19 01:07:47
DTE,utilities,2024-06-19 01:07:47
PPT,utilities,2024-06-19 01:07:47
MTG,utilities,2024-06-19 01:07:47
DTK,utilities,2024-06-19 01:07:47
VAV,utilities,2024-06-19 01:07:47
VSH,utilities,2024-06-19 01:07:47
TQW,utilities,2024-06-19 01:07:47
BWE,utilities,2024-06-19 01:07:47
CCI,utilities,2024-06-19 01:07:47
AVC,utilities,2024-06-19 01:07:47
CNG,utilities,2024-06-19 01:07:47
BNW,utilities,2024-06-19 01:07:47
BPT,utilities,2024-06-19 01:07:47
NTH,utilities,2024-06-19 01:07:47
SHP,utilities,2024-06-19 01:07:47
SJD,utilities,2024-06-19 01:07:47
PPY,utilities,2024-06-19 01:07:47
NT2,utilities,2024-06-19 01:07:47
PGD,utilities,2024-06-19 01:07:47
VPW,utilities,2024-06-19 01:07:47
NTW,utilities,2024-06-19 01:07:47
HWS,utilities,2024-06-19 01:07:47
DWS,utilities,2024-06-19 01:07:47
GE2,utilities,2024-06-19 01:07:47
HGW,utilities,2024-06-19 01:07:47
HFC,utilities,2024-06-19 01:07:47
OCB,banks,2024-06-19 01:07:47
BID,banks,2024-06-19 01:07:47
SGB,banks,2024-06-19 01:07:47
VPB,banks,2024-06-19 01:07:47
MBB,banks,2024-06-19 01:07:47
BAB,banks,2024-06-19 01:07:47
TCB,banks,2024-06-19 01:07:47
ABB,banks,2024-06-19 01:07:47
VIB,banks,2024-06-19 01:07:47
PGB,banks,2024-06-19 01:07:47
CTG,banks,2024-06-19 01:07:47
VCB,banks,2024-06-19 01:07:47
LPB,banks,2024-06-19 01:07:47
VBB,banks,2024-06-19 01:07:47
STB,banks,2024-06-19 01:07:47
KLB,banks,2024-06-19 01:07:47
BVB,banks,2024-06-19 01:07:47
NAB,banks,2024-06-19 01:07:47
SSB,banks,2024-06-19 01:07:47
EIB,banks,2024-06-19 01:07:47
NVB,banks,2024-06-19 01:07:47
MSB,banks,2024-06-19 01:07:47
VAB,banks,2024-06-19 01:07:47
ACB,banks,2024-06-19 01:07:47
SHB,banks,2024-06-19 01:07:47
TPB,banks,2024-06-19 01:07:47
HDB,banks,2024-06-19 01:07:47
BIC,insurance,2024-06-19 01:07:47
ABI,insurance,2024-06-19 01:07:47
PTI,insurance,2024-06-19 01:07:47
PVI,insurance,2024-06-19 01:07:47
AIC,insurance,2024-06-19 01:07:47
VNR,insurance,2024-06-19 01:07:47
BVH,insurance,2024-06-19 01:07:47
BHI,insurance,2024-06-19 01:07:47
HVB,insurance,2024-06-19 01:07:47
PGI,insurance,2024-06-19 01:07:47
MIG,insurance,2024-06-19 01:07:47
BLI,insurance,2024-06-19 01:07:47
BMI,insurance,2024-06-19 01:07:47
PRE,insurance,2024-06-19 01:07:47
IFA,insurance,2024-06-19 01:07:47
NVT,real_estate,2024-06-19 01:07:47
LSG,real_estate,2024-06-19 01:07:47
VHD,real_estate,2024-06-19 01:07:47
VC3,real_estate,2024-06-19 01:07:47
SZB,real_estate,2024-06-19 01:07:47
PIV,real_estate,2024-06-19 01:07:47
BCM,real_estate,2024-06-19 01:07:47
BII,real_estate,2024-06-19 01:07:47
CRE,real_estate,2024-06-19 01:07:47
CLG,real_estate,2024-06-19 01:07:47
D2D,real_estate,2024-06-19 01:07:47
PPI,real_estate,2024-06-19 01:07:47
SGR,real_estate,2024-06-19 01:07:47
SID,real_estate,2024-06-19 01:07:47
VPI,real_estate,2024-06-19 01:07:47
HD2,real_estate,2024-06-19 01:07:47
FIR,real_estate,2024-06-19 01:07:47
HPX,real_estate,2024-06-19 01:07:47
HAR,real_estate,2024-06-19 01:07:47
DCH,real_estate,2024-06-19 01:07:47
MA1,real_estate,2024-06-19 01:07:47
TIP,real_estate,2024-06-19 01:07:47
TID,real_estate,2024-06-19 01:07:47
CCL,real_estate,2024-06-19 01:07:47
TEG,real_estate,2024-06-19 01:07:47
VHM,real_estate,2024-06-19 01:07:47
PVL,real_estate,2024-06-19 01:07:47
VCR,real_estate,2024-06-19 01:07:47
NTL,real_estate,2024-06-19 01:07:47
KDH,real_estate,2024-06-19 01:07:47
HLD,real_estate,2024-06-19 01:07:47
MEY,real_estate,2024-06-19 01:07:47
LDG,real_estate,2024-06-19 01:07:47
V11,real_estate,2024-06-19 01:07:47
TIG,real_estate,2024-06-19 01:07:47
CEO,real_estate,2024-06-19 01:07:47
AAV,real_estate,2024-06-19 01:07:47
SZC,real_estate,2024-06-19 01:07:47
NLG,real_estate,2024-06-19 01:07:47
VNI,real_estate,2024-06-19 01:07:47
IJC,real_estate,2024-06-19 01:07:47
ITA,real_estate,2024-06-19 01:07:47
IDV,real_estate,2024-06-19 01:07:47
KAC,real_estate,2024-06-19 01:07:47
KHG,real_estate,2024-06-19 01:07:47
STL,real_estate,2024-06-19 01:07:47
CJV,real_estate,2024-06-19 01:07:47
PLA,real_estate,2024-06-19 01:07:47
C21,real_estate,2024-06-19 01:07:47
TDC,real_estate,2024-06-19 01:07:47
PXC,real_estate,2024-06-19 01:07:47
SLD,real_estate,2024-06-19 01:07:47
VGV,real_estate,2024-06-19 01:07:47
PVR,real_estate,2024-06-19 01:07:47
HD8,real_estate,2024-06-19 01:07:47
CRV,real_estate,2024-06-19 01:07:47
KBC,real_estate,2024-06-19 01:07:47
FHH,real_estate,2024-06-19 01:07:47
HD6,real_estate,2024-06-19 01:07:47
RCL,real_estate,2024-06-19 01:07:47
NDN,real_estate,2024-06-19 01:07:47
NRC,real_estate,2024-06-19 01:07:47
AMD,real_estate,2024-06-19 01:07:47
API,real_estate,2024-06-19 01:07:47
APR,real_estate,2024-06-19 01:07:47
SCR,real_estate,2024-06-19 01:07:47
PTL,real_estate,2024-06-19 01:07:47
SJS,real_estate,2024-06-19 01:07:47
PDR,real_estate,2024-06-19 01:07:47
PXL,real_estate,2024-06-19 01:07:47
HTN,real_estate,2024-06-19 01:07:47
HQC,real_estate,2024-06-19 01:07:47
KOS,real_estate,2024-06-19 01:07:47
DO3,real_estate,2024-06-19 01:07:47
DRH,real_estate,2024-06-19 01:07:47
FID,real_estate,2024-06-19 01:07:47
FLC,real_estate,2024-06-19 01:07:47
LHG,real_estate,2024-06-19 01:07:47
TLD,real_estate,2024-06-19 01:07:47
TN1,real_estate,2024-06-19 01:07:47
V21,real_estate,2024-06-19 01:07:47
SSE,real_estate,2024-06-19 01:07:47
MH3,real_estate,2024-06-19 01:07:47
CK8,real_estate,2024-06-19 01:07:47
D11,real_estate,2024-06-19 01:07:47
KSF,real_estate,2024-06-19 01:07:47
PV2,real_estate,2024-06-19 01:07:47
NVL,real_estate,2024-06-19 01:07:47
VIC,real_estate,2024-06-19 01:07:47
THD,real_estate,2024-06-19 01:07:47
KHA,real_estate,2024-06-19 01:07:47
DTA,real_estate,2024-06-19 01:07:47
DXS,real_estate,2024-06-19 01:07:47
FDC,real_estate,2024-06-19 01:07:47
XDH,real_estate,2024-06-19 01:07:47
HDC,real_estate,2024-06-19 01:07:47
MGR,real_estate,2024-06-19 01:07:47
BIG,real_estate,2024-06-19 01:07:47
TBR,real_estate,2024-06-19 01:07:47
SZL,real_estate,2024-06-19 01:07:47
TAG,real_estate,2024-06-19 01:07:47
AGG,real_estate,2024-06-19 01:07:47
CKG,real_estate,2024-06-19 01:07:47
PTN,real_estate,2024-06-19 01:07:47
PXA,real_estate,2024-06-19 01:07:47
NTB,real_estate,2024-06-19 01:07:47
NTC,real_estate,2024-06-19 01:07:47
VPH,real_estate,2024-06-19 01:07:47
TCH,real_estate,2024-06-19 01:07:47
HRB,real_estate,2024-06-19 01:07:47
ITC,real_estate,2024-06-19 01:07:47
IDC,real_estate,2024-06-19 01:07:47
DXG,real_estate,2024-06-19 01:07:47
EFI,real_estate,2024-06-19 01:07:47
LEC,real_estate,2024-06-19 01:07:47
HPI,real_estate,2024-06-19 01:07:47
HD3,real_estate,2024-06-19 01:07:47
HDG,real_estate,2024-06-19 01:07:47
SSH,real_estate,2024-06-19 01:07:47
LGL,real_estate,2024-06-19 01:07:47
NBB,real_estate,2024-06-19 01:07:47
TIX,real_estate,2024-06-19 01:07:47
VRG,real_estate,2024-06-19 01:07:47
VRE,real_estate,2024-06-19 01:07:47
ABG,real_estate,2024-06-19 01:07:47
TDH,real_estate,2024-06-19 01:07:47
SIP,real_estate,2024-06-19 01:07:47
SZG,real_estate,2024-06-19 01:07:47
SDI,real_estate,2024-06-19 01:07:47
PWA,real_estate,2024-06-19 01:07:47
QCG,real_estate,2024-06-19 01:07:47
VNN,real_estate,2024-06-19 01:07:47
VRC,real_estate,2024-06-19 01:07:47
HU6,real_estate,2024-06-19 01:07:47
IDJ,real_estate,2024-06-19 01:07:47
LMH,real_estate,2024-06-19 01:07:47
DIG,real_estate,2024-06-19 01:07:47
HIZ,real_estate,2024-06-19 01:07:47
BVL,real_estate,2024-06-19 01:07:47
BMS,financial_services,2024-06-19 01:07:47
APS,financial_services,2024-06-19 01:07:47
SSI,financial_services,2024-06-19 01:07:47
EVF,financial_services,2024-06-19 01:07:47
FIT,financial_services,2024-06-19 01:07:47
ART,financial_services,2024-06-19 01:07:47
HCM,financial_services,2024-06-19 01:07:47
CTS,financial_services,2024-06-19 01:07:47
VND,financial_services,2024-06-19 01:07:47
IBC,financial_services,2024-06-19 01:07:47
IVS,financial_services,2024-06-19 01:07:47
AAS,financial_services,2024-06-19 01:07:47
EVS,financial_services,2024-06-19 01:07:47
BCG,financial_services,2024-06-19 01:07:47
APG,financial_services,2024-06-19 01:07:47
TIN,financial_services,2024-06-19 01:07:47
PSI,financial_services,2024-06-19 01:07:47
TVB,financial_services,2024-06-19 01:07:47
VFS,financial_services,2024-06-19 01:07:47
VUA,financial_services,2024-06-19 01:07:47
PHS,financial_services,2024-06-19 01:07:47
MBS,financial_services,2024-06-19 01:07:47
BVS,financial_services,2024-06-19 01:07:47
ABW,financial_services,2024-06-19 01:07:47
FTS,financial_services,2024-06-19 01:07:47
VIX,financial_services,2024-06-19 01:07:47
TVC,financial_services,2024-06-19 01:07:47
BSI,financial_services,2024-06-19 01:07:47
HAC,financial_services,2024-06-19 01:07:47
DSC,financial_services,2024-06-19 01:07:47
TVS,financial_services,2024-06-19 01:07:47
VIG,financial_services,2024-06-19 01:07:47
SHS,financial_services,2024-06-19 01:07:47
ORS,financial_services,2024-06-19 01:07:47
AGR,financial_services,2024-06-19 01:07:47
SBS,financial_services,2024-06-19 01:07:47
CSI,financial_services,2024-06-19 01:07:47
VCI,financial_services,2024-06-19 01:07:47
VDS,financial_services,2024-06-19 01:07:47
HBS,financial_services,2024-06-19 01:07:47
HFT,financial_services,2024-06-19 01:07:47
WSS,financial_services,2024-06-19 01:07:47
OGC,financial_services,2024-06-19 01:07:47
TCI,financial_services,2024-06-19 01:07:47
LTC,technology,2024-06-19 01:07:47
VAT,technology,2024-06-19 01:07:47
VTE,technology,2024-06-19 01:07:47
SBD,technology,2024-06-19 01:07:47
PMJ,technology,2024-06-19 01:07:47
TST,technology,2024-06-19 01:07:47
HIG,technology,2024-06-19 01:07:47
VLA,technology,2024-06-19 01:07:47
ATC,technology,2024-06-19 01:07:47
SRB,technology,2024-06-19 01:07:47
HPT,technology,2024-06-19 01:07:47
ITD,technology,2024-06-19 01:07:47
UNI,technology,2024-06-19 01:07:47
VTC,technology,2024-06-19 01:07:47
PMT,technology,2024-06-19 01:07:47
CMT,technology,2024-06-19 01:07:47
TPE,technology,2024-06-19 01:07:47
ST8,technology,2024-06-19 01:07:47
KST,technology,2024-06-19 01:07:47
FPT,technology,2024-06-19 01:07:47
ONE,technology,2024-06-19 01:07:47
SGT,technology,2024-06-19 01:07:47
VIE,technology,2024-06-19 01:07:47
POT,technology,2024-06-19 01:07:47
SAM,technology,2024-06-19 01:07:47
SMT,technology,2024-06-19 01:07:47
SRA,technology,2024-06-19 01:07:47
CMG,technology,2024-06-19 01:07:47
CKV,technology,2024-06-19 01:07:47
CNX,technology,2024-06-19 01:07:47
ICT,technology,2024-06-19 01:07:47
VEC,technology,2024-06-19 01:07:47
ELC,technology,2024-06-19 01:07:47
